2026-10-05 08:58:01.591   Log opened. (Time zone: UTC+01:00)
2026-10-05 08:58:01.591   Setup version: Inno Setup version 6.7.3
2026-10-05 08:58:01.591   Original Setup EXE: <project-root>\releases\FEC-RTTY-0.45.1-Setup-x64.exe
2026-10-05 08:58:01.591   Setup command line: /SL5="$930C3C,27495601,893952,<project-root>\releases\FEC-RTTY-0.45.1-Setup-x64.exe" /VERYSILENT /SUPPRESSMSGBOXES /NORESTART /SP- /TASKS=desktopicon "/DIR=<project-root>\installer\build\acceptance-20261005-085604-396\Installed FEC-RTTY é" /LOG=<project-root>\installer\build\acceptance-20261005-085604-396\install-inno.log
2026-10-05 08:58:01.591   Windows version: 10.0.26200
2026-10-05 08:58:01.591   Windows architecture: x64 (64-bit)
2026-10-05 08:58:01.591   Machine types supported by system: x86 x64
2026-10-05 08:58:01.591   User privileges: None
2026-10-05 08:58:01.597   Administrative install mode: No
2026-10-05 08:58:01.597   Install mode root key: HKEY_CURRENT_USER
2026-10-05 08:58:01.597   64-bit install mode: Yes
2026-10-05 08:58:01.597   RedirectionGuard status for current process: Enabled in enforcing mode
2026-10-05 08:58:01.600   Created temporary directory: %LOCALAPPDATA%\Temp\is-CYQKK8ISXD.tmp
2026-10-05 08:58:01.838   Found 39 files to register with RestartManager.
2026-10-05 08:58:01.838   Calling RestartManager's RmGetList.
2026-10-05 08:58:01.856   RmGetList finished successfully.
2026-10-05 08:58:01.856   RestartManager found no applications using one of our files.
2026-10-05 08:58:01.865   Starting the installation process.
2026-10-05 08:58:01.869   Directory for uninstall files: <project-root>\installer\build\acceptance-20261005-085604-396\Installed FEC-RTTY é
2026-10-05 08:58:01.869   Will append to existing uninstall log: <project-root>\installer\build\acceptance-20261005-085604-396\Installed FEC-RTTY é\unins000.dat
2026-10-05 08:58:01.889   -- File entry --
2026-10-05 08:58:01.889   Dest filename: <project-root>\installer\build\acceptance-20261005-085604-396\Installed FEC-RTTY é\unins000.exe
2026-10-05 08:58:01.889   Non-default bitness: 32-bit
2026-10-05 08:58:01.902   Time stamp of our file: 2026-10-05 08:58:01.329
2026-10-05 08:58:01.902   Dest file exists.
2026-10-05 08:58:01.902   Time stamp of existing file: 2026-10-05 08:56:07.332
2026-10-05 08:58:01.902   Version of our file: 51.1054.0.0
2026-10-05 08:58:01.915   Version of existing file: 51.1054.0.0
2026-10-05 08:58:01.915   Installing the file.
2026-10-05 08:58:01.924   Leaving temporary file in place for now.
2026-10-05 08:58:01.924   -- File entry --
2026-10-05 08:58:01.924   Dest filename: <project-root>\installer\build\acceptance-20261005-085604-396\Installed FEC-RTTY é\index.html
2026-10-05 08:58:01.925   Time stamp of our file: 2026-10-05 08:35:26.000
2026-10-05 08:58:01.925   Dest file exists.
2026-10-05 08:58:01.925   Time stamp of existing file: 2026-10-05 08:35:26.000
2026-10-05 08:58:01.925   Installing the file.
2026-10-05 08:58:01.930   Successfully installed the file.
2026-10-05 08:58:01.930   -- File entry --
2026-10-05 08:58:01.930   Dest filename: <project-root>\installer\build\acceptance-20261005-085604-396\Installed FEC-RTTY é\installation-manifest.json
2026-10-05 08:58:01.931   Time stamp of our file: 2026-10-05 08:55:38.000
2026-10-05 08:58:01.931   Dest file exists.
2026-10-05 08:58:01.931   Time stamp of existing file: 2026-10-05 08:55:38.000
2026-10-05 08:58:01.931   Installing the file.
2026-10-05 08:58:01.935   Successfully installed the file.
2026-10-05 08:58:01.935   -- File entry --
2026-10-05 08:58:01.935   Dest filename: <project-root>\installer\build\acceptance-20261005-085604-396\Installed FEC-RTTY é\PROJECT_INDEX.html
2026-10-05 08:58:01.935   Time stamp of our file: 2026-10-05 08:55:34.000
2026-10-05 08:58:01.935   Dest file exists.
2026-10-05 08:58:01.935   Time stamp of existing file: 2026-10-05 08:55:34.000
2026-10-05 08:58:01.935   Installing the file.
2026-10-05 08:58:01.937   Successfully installed the file.
2026-10-05 08:58:01.937   -- File entry --
2026-10-05 08:58:01.937   Dest filename: <project-root>\installer\build\acceptance-20261005-085604-396\Installed FEC-RTTY é\PROJECT_INDEX.md
2026-10-05 08:58:01.938   Time stamp of our file: 2026-10-05 08:43:48.000
2026-10-05 08:58:01.938   Dest file exists.
2026-10-05 08:58:01.938   Time stamp of existing file: 2026-10-05 08:43:48.000
2026-10-05 08:58:01.938   Installing the file.
2026-10-05 08:58:01.940   Successfully installed the file.
2026-10-05 08:58:01.940   -- File entry --
2026-10-05 08:58:01.940   Dest filename: <project-root>\installer\build\acceptance-20261005-085604-396\Installed FEC-RTTY é\README.html
2026-10-05 08:58:01.940   Time stamp of our file: 2026-10-05 08:55:34.000
2026-10-05 08:58:01.940   Dest file exists.
2026-10-05 08:58:01.940   Time stamp of existing file: 2026-10-05 08:55:34.000
2026-10-05 08:58:01.940   Installing the file.
2026-10-05 08:58:01.941   Successfully installed the file.
2026-10-05 08:58:01.941   -- File entry --
2026-10-05 08:58:01.941   Dest filename: <project-root>\installer\build\acceptance-20261005-085604-396\Installed FEC-RTTY é\README.md
2026-10-05 08:58:01.941   Time stamp of our file: 2026-10-05 08:43:48.000
2026-10-05 08:58:01.941   Dest file exists.
2026-10-05 08:58:01.943   Time stamp of existing file: 2026-10-05 08:43:48.000
2026-10-05 08:58:01.943   Installing the file.
2026-10-05 08:58:01.943   Successfully installed the file.
2026-10-05 08:58:01.943   -- File entry --
2026-10-05 08:58:01.943   Dest filename: <project-root>\installer\build\acceptance-20261005-085604-396\Installed FEC-RTTY é\bin\fectty-audio-smoke.exe
2026-10-05 08:58:01.945   Time stamp of our file: 2026-10-04 22:26:20.000
2026-10-05 08:58:01.945   Dest file exists.
2026-10-05 08:58:01.945   Time stamp of existing file: 2026-10-04 22:26:20.000
2026-10-05 08:58:01.945   Installing the file.
2026-10-05 08:58:01.955   Successfully installed the file.
2026-10-05 08:58:01.955   -- File entry --
2026-10-05 08:58:01.955   Dest filename: <project-root>\installer\build\acceptance-20261005-085604-396\Installed FEC-RTTY é\bin\fectty-audit-tests.exe
2026-10-05 08:58:01.957   Time stamp of our file: 2026-10-04 22:23:22.000
2026-10-05 08:58:01.957   Dest file exists.
2026-10-05 08:58:01.957   Time stamp of existing file: 2026-10-04 22:23:22.000
2026-10-05 08:58:01.957   Installing the file.
2026-10-05 08:58:01.974   Successfully installed the file.
2026-10-05 08:58:01.974   -- File entry --
2026-10-05 08:58:01.974   Dest filename: <project-root>\installer\build\acceptance-20261005-085604-396\Installed FEC-RTTY é\bin\fectty-benchmark.exe
2026-10-05 08:58:01.974   Time stamp of our file: 2026-10-04 22:26:20.000
2026-10-05 08:58:01.974   Dest file exists.
2026-10-05 08:58:01.974   Time stamp of existing file: 2026-10-04 22:26:20.000
2026-10-05 08:58:01.974   Installing the file.
2026-10-05 08:58:01.977   Successfully installed the file.
2026-10-05 08:58:01.977   -- File entry --
2026-10-05 08:58:01.979   Dest filename: <project-root>\installer\build\acceptance-20261005-085604-396\Installed FEC-RTTY é\bin\fectty-live.exe
2026-10-05 08:58:01.979   Time stamp of our file: 2026-10-04 22:26:24.000
2026-10-05 08:58:01.979   Dest file exists.
2026-10-05 08:58:01.979   Time stamp of existing file: 2026-10-04 22:26:24.000
2026-10-05 08:58:01.979   Installing the file.
2026-10-05 08:58:01.984   Successfully installed the file.
2026-10-05 08:58:01.984   -- File entry --
2026-10-05 08:58:01.984   Dest filename: <project-root>\installer\build\acceptance-20261005-085604-396\Installed FEC-RTTY é\bin\fectty-noise-prefix-bench.exe
2026-10-05 08:58:01.985   Time stamp of our file: 2026-10-04 22:26:26.000
2026-10-05 08:58:01.985   Dest file exists.
2026-10-05 08:58:01.985   Time stamp of existing file: 2026-10-04 22:26:26.000
2026-10-05 08:58:01.985   Installing the file.
2026-10-05 08:58:01.990   Successfully installed the file.
2026-10-05 08:58:01.990   -- File entry --
2026-10-05 08:58:01.990   Dest filename: <project-root>\installer\build\acceptance-20261005-085604-396\Installed FEC-RTTY é\bin\fectty-sim.exe
2026-10-05 08:58:01.990   Time stamp of our file: 2026-10-04 22:26:20.000
2026-10-05 08:58:01.990   Dest file exists.
2026-10-05 08:58:01.990   Time stamp of existing file: 2026-10-04 22:26:20.000
2026-10-05 08:58:01.990   Installing the file.
2026-10-05 08:58:01.994   Successfully installed the file.
2026-10-05 08:58:01.994   -- File entry --
2026-10-05 08:58:01.994   Dest filename: <project-root>\installer\build\acceptance-20261005-085604-396\Installed FEC-RTTY é\bin\fectty-tests.exe
2026-10-05 08:58:02.023   Time stamp of our file: 2026-10-04 22:23:30.000
2026-10-05 08:58:02.023   Dest file exists.
2026-10-05 08:58:02.023   Time stamp of existing file: 2026-10-04 22:23:30.000
2026-10-05 08:58:02.023   Installing the file.
2026-10-05 08:58:02.035   Successfully installed the file.
2026-10-05 08:58:02.037   -- File entry --
2026-10-05 08:58:02.037   Dest filename: <project-root>\installer\build\acceptance-20261005-085604-396\Installed FEC-RTTY é\bin\libgcc_s_seh-1.dll
2026-10-05 08:58:02.037   Time stamp of our file: 2025-12-02 02:06:52.000
2026-10-05 08:58:02.037   Dest file exists.
2026-10-05 08:58:02.037   Time stamp of existing file: 2025-12-02 02:06:52.000
2026-10-05 08:58:02.037   Installing the file.
2026-10-05 08:58:02.078   Successfully installed the file.
2026-10-05 08:58:02.078   -- File entry --
2026-10-05 08:58:02.078   Dest filename: <project-root>\installer\build\acceptance-20261005-085604-396\Installed FEC-RTTY é\bin\libstdc++-6.dll
2026-10-05 08:58:02.078   Time stamp of our file: 2025-12-02 02:06:52.000
2026-10-05 08:58:02.078   Dest file exists.
2026-10-05 08:58:02.078   Time stamp of existing file: 2025-12-02 02:06:52.000
2026-10-05 08:58:02.079   Installing the file.
2026-10-05 08:58:02.150   Successfully installed the file.
2026-10-05 08:58:02.150   -- File entry --
2026-10-05 08:58:02.150   Dest filename: <project-root>\installer\build\acceptance-20261005-085604-396\Installed FEC-RTTY é\bin\libwinpthread-1.dll
2026-10-05 08:58:02.151   Time stamp of our file: 2025-12-02 02:06:30.000
2026-10-05 08:58:02.151   Dest file exists.
2026-10-05 08:58:02.151   Time stamp of existing file: 2025-12-02 02:06:30.000
2026-10-05 08:58:02.151   Installing the file.
2026-10-05 08:58:02.154   Successfully installed the file.
2026-10-05 08:58:02.154   -- File entry --
2026-10-05 08:58:02.154   Dest filename: <project-root>\installer\build\acceptance-20261005-085604-396\Installed FEC-RTTY é\docs\DEVELOPMENT_PLAN.html
2026-10-05 08:58:02.156   Time stamp of our file: 2026-10-05 08:55:34.000
2026-10-05 08:58:02.156   Dest file exists.
2026-10-05 08:58:02.156   Time stamp of existing file: 2026-10-05 08:55:34.000
2026-10-05 08:58:02.156   Installing the file.
2026-10-05 08:58:02.158   Successfully installed the file.
2026-10-05 08:58:02.158   -- File entry --
2026-10-05 08:58:02.158   Dest filename: <project-root>\installer\build\acceptance-20261005-085604-396\Installed FEC-RTTY é\docs\DEVELOPMENT_PLAN.md
2026-10-05 08:58:02.158   Time stamp of our file: 2026-10-05 08:43:48.000
2026-10-05 08:58:02.158   Dest file exists.
2026-10-05 08:58:02.158   Time stamp of existing file: 2026-10-05 08:43:48.000
2026-10-05 08:58:02.158   Installing the file.
2026-10-05 08:58:02.159   Successfully installed the file.
2026-10-05 08:58:02.161   -- File entry --
2026-10-05 08:58:02.161   Dest filename: <project-root>\installer\build\acceptance-20261005-085604-396\Installed FEC-RTTY é\docs\DEVELOPMENT_PLAN_SOURCE.txt
2026-10-05 08:58:02.161   Time stamp of our file: 2026-10-04 10:05:44.000
2026-10-05 08:58:02.161   Dest file exists.
2026-10-05 08:58:02.163   Time stamp of existing file: 2026-10-04 10:05:44.000
2026-10-05 08:58:02.163   Installing the file.
2026-10-05 08:58:02.166   Successfully installed the file.
2026-10-05 08:58:02.166   -- File entry --
2026-10-05 08:58:02.166   Dest filename: <project-root>\installer\build\acceptance-20261005-085604-396\Installed FEC-RTTY é\docs\GUI_DESIGN.html
2026-10-05 08:58:02.166   Time stamp of our file: 2026-10-05 08:55:34.000
2026-10-05 08:58:02.166   Dest file exists.
2026-10-05 08:58:02.166   Time stamp of existing file: 2026-10-05 08:55:34.000
2026-10-05 08:58:02.166   Installing the file.
2026-10-05 08:58:02.170   Successfully installed the file.
2026-10-05 08:58:02.170   -- File entry --
2026-10-05 08:58:02.170   Dest filename: <project-root>\installer\build\acceptance-20261005-085604-396\Installed FEC-RTTY é\docs\GUI_DESIGN.md
2026-10-05 08:58:02.170   Time stamp of our file: 2026-10-04 22:53:04.000
2026-10-05 08:58:02.170   Dest file exists.
2026-10-05 08:58:02.170   Time stamp of existing file: 2026-10-04 22:53:04.000
2026-10-05 08:58:02.170   Installing the file.
2026-10-05 08:58:02.180   Successfully installed the file.
2026-10-05 08:58:02.180   -- File entry --
2026-10-05 08:58:02.180   Dest filename: <project-root>\installer\build\acceptance-20261005-085604-396\Installed FEC-RTTY é\docs\GUI_PACKAGE.html
2026-10-05 08:58:02.181   Time stamp of our file: 2026-10-05 08:55:34.000
2026-10-05 08:58:02.181   Dest file exists.
2026-10-05 08:58:02.181   Time stamp of existing file: 2026-10-05 08:55:34.000
2026-10-05 08:58:02.181   Installing the file.
2026-10-05 08:58:02.183   Successfully installed the file.
2026-10-05 08:58:02.183   -- File entry --
2026-10-05 08:58:02.184   Dest filename: <project-root>\installer\build\acceptance-20261005-085604-396\Installed FEC-RTTY é\docs\GUI_PACKAGE.md
2026-10-05 08:58:02.184   Time stamp of our file: 2026-10-05 08:43:48.000
2026-10-05 08:58:02.184   Dest file exists.
2026-10-05 08:58:02.184   Time stamp of existing file: 2026-10-05 08:43:48.000
2026-10-05 08:58:02.184   Installing the file.
2026-10-05 08:58:02.186   Successfully installed the file.
2026-10-05 08:58:02.187   -- File entry --
2026-10-05 08:58:02.187   Dest filename: <project-root>\installer\build\acceptance-20261005-085604-396\Installed FEC-RTTY é\docs\INSTALLER.html
2026-10-05 08:58:02.187   Time stamp of our file: 2026-10-05 08:55:34.000
2026-10-05 08:58:02.187   Dest file exists.
2026-10-05 08:58:02.187   Time stamp of existing file: 2026-10-05 08:55:34.000
2026-10-05 08:58:02.187   Installing the file.
2026-10-05 08:58:02.189   Successfully installed the file.
2026-10-05 08:58:02.189   -- File entry --
2026-10-05 08:58:02.189   Dest filename: <project-root>\installer\build\acceptance-20261005-085604-396\Installed FEC-RTTY é\docs\INSTALLER.md
2026-10-05 08:58:02.191   Time stamp of our file: 2026-10-05 08:53:06.000
2026-10-05 08:58:02.191   Dest file exists.
2026-10-05 08:58:02.191   Time stamp of existing file: 2026-10-05 08:53:06.000
2026-10-05 08:58:02.191   Installing the file.
2026-10-05 08:58:02.192   Successfully installed the file.
2026-10-05 08:58:02.192   -- File entry --
2026-10-05 08:58:02.192   Dest filename: <project-root>\installer\build\acceptance-20261005-085604-396\Installed FEC-RTTY é\docs\PROJECT_GUIDE.html
2026-10-05 08:58:02.194   Time stamp of our file: 2026-10-05 08:55:34.000
2026-10-05 08:58:02.194   Dest file exists.
2026-10-05 08:58:02.194   Time stamp of existing file: 2026-10-05 08:55:34.000
2026-10-05 08:58:02.194   Installing the file.
2026-10-05 08:58:02.195   Successfully installed the file.
2026-10-05 08:58:02.195   -- File entry --
2026-10-05 08:58:02.197   Dest filename: <project-root>\installer\build\acceptance-20261005-085604-396\Installed FEC-RTTY é\docs\PROJECT_GUIDE.md
2026-10-05 08:58:02.197   Time stamp of our file: 2026-10-05 08:43:48.000
2026-10-05 08:58:02.197   Dest file exists.
2026-10-05 08:58:02.197   Time stamp of existing file: 2026-10-05 08:43:48.000
2026-10-05 08:58:02.197   Installing the file.
2026-10-05 08:58:02.198   Successfully installed the file.
2026-10-05 08:58:02.198   -- File entry --
2026-10-05 08:58:02.199   Dest filename: <project-root>\installer\build\acceptance-20261005-085604-396\Installed FEC-RTTY é\docs\PROTOCOL.html
2026-10-05 08:58:02.199   Time stamp of our file: 2026-10-05 08:55:34.000
2026-10-05 08:58:02.199   Dest file exists.
2026-10-05 08:58:02.199   Time stamp of existing file: 2026-10-05 08:55:34.000
2026-10-05 08:58:02.200   Installing the file.
2026-10-05 08:58:02.201   Successfully installed the file.
2026-10-05 08:58:02.201   -- File entry --
2026-10-05 08:58:02.201   Dest filename: <project-root>\installer\build\acceptance-20261005-085604-396\Installed FEC-RTTY é\docs\PROTOCOL.md
2026-10-05 08:58:02.203   Time stamp of our file: 2026-10-04 22:58:38.000
2026-10-05 08:58:02.203   Dest file exists.
2026-10-05 08:58:02.203   Time stamp of existing file: 2026-10-04 22:58:38.000
2026-10-05 08:58:02.203   Installing the file.
2026-10-05 08:58:02.204   Successfully installed the file.
2026-10-05 08:58:02.204   -- File entry --
2026-10-05 08:58:02.204   Dest filename: <project-root>\installer\build\acceptance-20261005-085604-396\Installed FEC-RTTY é\docs\TEST_RESULTS_v0.34.html
2026-10-05 08:58:02.204   Time stamp of our file: 2026-10-05 08:55:34.000
2026-10-05 08:58:02.204   Dest file exists.
2026-10-05 08:58:02.204   Time stamp of existing file: 2026-10-05 08:55:34.000
2026-10-05 08:58:02.204   Installing the file.
2026-10-05 08:58:02.206   Successfully installed the file.
2026-10-05 08:58:02.207   -- File entry --
2026-10-05 08:58:02.207   Dest filename: <project-root>\installer\build\acceptance-20261005-085604-396\Installed FEC-RTTY é\docs\TEST_RESULTS_v0.34.md
2026-10-05 08:58:02.207   Time stamp of our file: 2026-10-04 10:05:44.000
2026-10-05 08:58:02.207   Dest file exists.
2026-10-05 08:58:02.207   Time stamp of existing file: 2026-10-04 10:05:44.000
2026-10-05 08:58:02.207   Installing the file.
2026-10-05 08:58:02.209   Successfully installed the file.
2026-10-05 08:58:02.209   -- File entry --
2026-10-05 08:58:02.210   Dest filename: <project-root>\installer\build\acceptance-20261005-085604-396\Installed FEC-RTTY é\docs\TEST_RESULTS_v0.38_GUI.html
2026-10-05 08:58:02.210   Time stamp of our file: 2026-10-05 08:55:34.000
2026-10-05 08:58:02.210   Dest file exists.
2026-10-05 08:58:02.210   Time stamp of existing file: 2026-10-05 08:55:34.000
2026-10-05 08:58:02.210   Installing the file.
2026-10-05 08:58:02.211   Successfully installed the file.
2026-10-05 08:58:02.211   -- File entry --
2026-10-05 08:58:02.211   Dest filename: <project-root>\installer\build\acceptance-20261005-085604-396\Installed FEC-RTTY é\docs\TEST_RESULTS_v0.38_GUI.md
2026-10-05 08:58:02.211   Time stamp of our file: 2026-10-04 10:43:08.000
2026-10-05 08:58:02.211   Dest file exists.
2026-10-05 08:58:02.211   Time stamp of existing file: 2026-10-04 10:43:08.000
2026-10-05 08:58:02.213   Installing the file.
2026-10-05 08:58:02.213   Successfully installed the file.
2026-10-05 08:58:02.213   -- File entry --
2026-10-05 08:58:02.214   Dest filename: <project-root>\installer\build\acceptance-20261005-085604-396\Installed FEC-RTTY é\evidence\arq-gui-one-way-20261004.log
2026-10-05 08:58:02.214   Time stamp of our file: 2026-10-04 15:16:22.000
2026-10-05 08:58:02.214   Dest file exists.
2026-10-05 08:58:02.214   Time stamp of existing file: 2026-10-04 15:16:22.000
2026-10-05 08:58:02.214   Installing the file.
2026-10-05 08:58:02.216   Successfully installed the file.
2026-10-05 08:58:02.216   -- File entry --
2026-10-05 08:58:02.216   Dest filename: <project-root>\installer\build\acceptance-20261005-085604-396\Installed FEC-RTTY é\evidence\ARQ_SESSION_20261004_R6.html
2026-10-05 08:58:02.216   Time stamp of our file: 2026-10-05 08:55:34.000
2026-10-05 08:58:02.216   Dest file exists.
2026-10-05 08:58:02.217   Time stamp of existing file: 2026-10-05 08:55:34.000
2026-10-05 08:58:02.217   Installing the file.
2026-10-05 08:58:02.219   Successfully installed the file.
2026-10-05 08:58:02.219   -- File entry --
2026-10-05 08:58:02.219   Dest filename: <project-root>\installer\build\acceptance-20261005-085604-396\Installed FEC-RTTY é\evidence\ARQ_SESSION_20261004_R6.md
2026-10-05 08:58:02.219   Time stamp of our file: 2026-10-04 15:26:10.000
2026-10-05 08:58:02.219   Dest file exists.
2026-10-05 08:58:02.219   Time stamp of existing file: 2026-10-04 15:26:10.000
2026-10-05 08:58:02.219   Installing the file.
2026-10-05 08:58:02.225   Successfully installed the file.
2026-10-05 08:58:02.225   -- File entry --
2026-10-05 08:58:02.225   Dest filename: <project-root>\installer\build\acceptance-20261005-085604-396\Installed FEC-RTTY é\evidence\BUG_AUDIT_20261004.html
2026-10-05 08:58:02.227   Time stamp of our file: 2026-10-05 08:55:34.000
2026-10-05 08:58:02.227   Dest file exists.
2026-10-05 08:58:02.227   Time stamp of existing file: 2026-10-05 08:55:34.000
2026-10-05 08:58:02.227   Installing the file.
2026-10-05 08:58:02.228   Successfully installed the file.
2026-10-05 08:58:02.228   -- File entry --
2026-10-05 08:58:02.228   Dest filename: <project-root>\installer\build\acceptance-20261005-085604-396\Installed FEC-RTTY é\evidence\BUG_AUDIT_20261004.md
2026-10-05 08:58:02.228   Time stamp of our file: 2026-10-04 11:47:04.000
2026-10-05 08:58:02.228   Dest file exists.
2026-10-05 08:58:02.229   Time stamp of existing file: 2026-10-04 11:47:04.000
2026-10-05 08:58:02.229   Installing the file.
2026-10-05 08:58:02.231   Successfully installed the file.
2026-10-05 08:58:02.231   -- File entry --
2026-10-05 08:58:02.231   Dest filename: <project-root>\installer\build\acceptance-20261005-085604-396\Installed FEC-RTTY é\evidence\BUG_AUDIT_20261004_R10.html
2026-10-05 08:58:02.231   Time stamp of our file: 2026-10-05 08:55:34.000
2026-10-05 08:58:02.231   Dest file exists.
2026-10-05 08:58:02.231   Time stamp of existing file: 2026-10-05 08:55:34.000
2026-10-05 08:58:02.231   Installing the file.
2026-10-05 08:58:02.232   Successfully installed the file.
2026-10-05 08:58:02.232   -- File entry --
2026-10-05 08:58:02.232   Dest filename: <project-root>\installer\build\acceptance-20261005-085604-396\Installed FEC-RTTY é\evidence\BUG_AUDIT_20261004_R10.md
2026-10-05 08:58:02.234   Time stamp of our file: 2026-10-04 22:11:54.000
2026-10-05 08:58:02.234   Dest file exists.
2026-10-05 08:58:02.234   Time stamp of existing file: 2026-10-04 22:11:54.000
2026-10-05 08:58:02.234   Installing the file.
2026-10-05 08:58:02.234   Successfully installed the file.
2026-10-05 08:58:02.235   -- File entry --
2026-10-05 08:58:02.235   Dest filename: <project-root>\installer\build\acceptance-20261005-085604-396\Installed FEC-RTTY é\evidence\BUG_AUDIT_20261004_R2.html
2026-10-05 08:58:02.235   Time stamp of our file: 2026-10-05 08:55:34.000
2026-10-05 08:58:02.235   Dest file exists.
2026-10-05 08:58:02.235   Time stamp of existing file: 2026-10-05 08:55:34.000
2026-10-05 08:58:02.235   Installing the file.
2026-10-05 08:58:02.240   Successfully installed the file.
2026-10-05 08:58:02.240   -- File entry --
2026-10-05 08:58:02.240   Dest filename: <project-root>\installer\build\acceptance-20261005-085604-396\Installed FEC-RTTY é\evidence\BUG_AUDIT_20261004_R2.md
2026-10-05 08:58:02.241   Time stamp of our file: 2026-10-04 12:18:10.000
2026-10-05 08:58:02.241   Dest file exists.
2026-10-05 08:58:02.241   Time stamp of existing file: 2026-10-04 12:18:10.000
2026-10-05 08:58:02.241   Installing the file.
2026-10-05 08:58:02.242   Successfully installed the file.
2026-10-05 08:58:02.242   -- File entry --
2026-10-05 08:58:02.244   Dest filename: <project-root>\installer\build\acceptance-20261005-085604-396\Installed FEC-RTTY é\evidence\BUG_AUDIT_20261004_R3.html
2026-10-05 08:58:02.244   Time stamp of our file: 2026-10-05 08:55:34.000
2026-10-05 08:58:02.244   Dest file exists.
2026-10-05 08:58:02.244   Time stamp of existing file: 2026-10-05 08:55:34.000
2026-10-05 08:58:02.244   Installing the file.
2026-10-05 08:58:02.245   Successfully installed the file.
2026-10-05 08:58:02.245   -- File entry --
2026-10-05 08:58:02.245   Dest filename: <project-root>\installer\build\acceptance-20261005-085604-396\Installed FEC-RTTY é\evidence\BUG_AUDIT_20261004_R3.md
2026-10-05 08:58:02.247   Time stamp of our file: 2026-10-04 12:58:38.000
2026-10-05 08:58:02.247   Dest file exists.
2026-10-05 08:58:02.247   Time stamp of existing file: 2026-10-04 12:58:38.000
2026-10-05 08:58:02.247   Installing the file.
2026-10-05 08:58:02.248   Successfully installed the file.
2026-10-05 08:58:02.248   -- File entry --
2026-10-05 08:58:02.248   Dest filename: <project-root>\installer\build\acceptance-20261005-085604-396\Installed FEC-RTTY é\evidence\BUG_AUDIT_20261004_R8.html
2026-10-05 08:58:02.248   Time stamp of our file: 2026-10-05 08:55:34.000
2026-10-05 08:58:02.248   Dest file exists.
2026-10-05 08:58:02.249   Time stamp of existing file: 2026-10-05 08:55:34.000
2026-10-05 08:58:02.249   Installing the file.
2026-10-05 08:58:02.250   Successfully installed the file.
2026-10-05 08:58:02.250   -- File entry --
2026-10-05 08:58:02.251   Dest filename: <project-root>\installer\build\acceptance-20261005-085604-396\Installed FEC-RTTY é\evidence\BUG_AUDIT_20261004_R8.md
2026-10-05 08:58:02.251   Time stamp of our file: 2026-10-04 21:08:40.000
2026-10-05 08:58:02.251   Dest file exists.
2026-10-05 08:58:02.251   Time stamp of existing file: 2026-10-04 21:08:40.000
2026-10-05 08:58:02.251   Installing the file.
2026-10-05 08:58:02.253   Successfully installed the file.
2026-10-05 08:58:02.253   -- File entry --
2026-10-05 08:58:02.253   Dest filename: <project-root>\installer\build\acceptance-20261005-085604-396\Installed FEC-RTTY é\evidence\BUG_FIXES_20261004_R11.html
2026-10-05 08:58:02.254   Time stamp of our file: 2026-10-05 08:55:34.000
2026-10-05 08:58:02.254   Dest file exists.
2026-10-05 08:58:02.254   Time stamp of existing file: 2026-10-05 08:55:34.000
2026-10-05 08:58:02.254   Installing the file.
2026-10-05 08:58:02.258   Successfully installed the file.
2026-10-05 08:58:02.258   -- File entry --
2026-10-05 08:58:02.258   Dest filename: <project-root>\installer\build\acceptance-20261005-085604-396\Installed FEC-RTTY é\evidence\BUG_FIXES_20261004_R11.md
2026-10-05 08:58:02.258   Time stamp of our file: 2026-10-04 22:36:24.000
2026-10-05 08:58:02.258   Dest file exists.
2026-10-05 08:58:02.258   Time stamp of existing file: 2026-10-04 22:36:24.000
2026-10-05 08:58:02.259   Installing the file.
2026-10-05 08:58:02.259   Successfully installed the file.
2026-10-05 08:58:02.260   -- File entry --
2026-10-05 08:58:02.260   Dest filename: <project-root>\installer\build\acceptance-20261005-085604-396\Installed FEC-RTTY é\evidence\BUG_FIXES_20261004_R4.html
2026-10-05 08:58:02.260   Time stamp of our file: 2026-10-05 08:55:34.000
2026-10-05 08:58:02.260   Dest file exists.
2026-10-05 08:58:02.260   Time stamp of existing file: 2026-10-05 08:55:34.000
2026-10-05 08:58:02.260   Installing the file.
2026-10-05 08:58:02.266   Successfully installed the file.
2026-10-05 08:58:02.266   -- File entry --
2026-10-05 08:58:02.266   Dest filename: <project-root>\installer\build\acceptance-20261005-085604-396\Installed FEC-RTTY é\evidence\BUG_FIXES_20261004_R4.md
2026-10-05 08:58:02.266   Time stamp of our file: 2026-10-04 13:27:34.000
2026-10-05 08:58:02.266   Dest file exists.
2026-10-05 08:58:02.268   Time stamp of existing file: 2026-10-04 13:27:34.000
2026-10-05 08:58:02.268   Installing the file.
2026-10-05 08:58:02.269   Successfully installed the file.
2026-10-05 08:58:02.269   -- File entry --
2026-10-05 08:58:02.269   Dest filename: <project-root>\installer\build\acceptance-20261005-085604-396\Installed FEC-RTTY é\evidence\gui-package-10-unique-fixed-tx.log
2026-10-05 08:58:02.269   Time stamp of our file: 2026-10-04 02:40:00.000
2026-10-05 08:58:02.269   Dest file exists.
2026-10-05 08:58:02.271   Time stamp of existing file: 2026-10-04 02:40:00.000
2026-10-05 08:58:02.271   Installing the file.
2026-10-05 08:58:02.272   Successfully installed the file.
2026-10-05 08:58:02.272   -- File entry --
2026-10-05 08:58:02.272   Dest filename: <project-root>\installer\build\acceptance-20261005-085604-396\Installed FEC-RTTY é\evidence\gui-package-20-reverse-cli-rx.err.log
2026-10-05 08:58:02.272   Time stamp of our file: 2026-10-04 02:42:50.000
2026-10-05 08:58:02.272   Dest file exists.
2026-10-05 08:58:02.272   Time stamp of existing file: 2026-10-04 02:42:50.000
2026-10-05 08:58:02.272   Installing the file.
2026-10-05 08:58:02.274   Successfully installed the file.
2026-10-05 08:58:02.274   -- File entry --
2026-10-05 08:58:02.274   Dest filename: <project-root>\installer\build\acceptance-20261005-085604-396\Installed FEC-RTTY é\evidence\gui-package-20-reverse-cli-rx.log
2026-10-05 08:58:02.274   Time stamp of our file: 2026-10-04 02:44:06.000
2026-10-05 08:58:02.274   Dest file exists.
2026-10-05 08:58:02.275   Time stamp of existing file: 2026-10-04 02:44:06.000
2026-10-05 08:58:02.275   Installing the file.
2026-10-05 08:58:02.277   Successfully installed the file.
2026-10-05 08:58:02.277   -- File entry --
2026-10-05 08:58:02.277   Dest filename: <project-root>\installer\build\acceptance-20261005-085604-396\Installed FEC-RTTY é\evidence\gui-package-20-tx.log
2026-10-05 08:58:02.277   Time stamp of our file: 2026-10-04 02:27:32.000
2026-10-05 08:58:02.277   Dest file exists.
2026-10-05 08:58:02.277   Time stamp of existing file: 2026-10-04 02:27:32.000
2026-10-05 08:58:02.277   Installing the file.
2026-10-05 08:58:02.278   Successfully installed the file.
2026-10-05 08:58:02.279   -- File entry --
2026-10-05 08:58:02.279   Dest filename: <project-root>\installer\build\acceptance-20261005-085604-396\Installed FEC-RTTY é\evidence\gui-package-20-unique-fixed-tx.log
2026-10-05 08:58:02.280   Time stamp of our file: 2026-10-04 02:37:16.000
2026-10-05 08:58:02.280   Dest file exists.
2026-10-05 08:58:02.280   Time stamp of existing file: 2026-10-04 02:37:16.000
2026-10-05 08:58:02.280   Installing the file.
2026-10-05 08:58:02.280   Successfully installed the file.
2026-10-05 08:58:02.281   -- File entry --
2026-10-05 08:58:02.281   Dest filename: <project-root>\installer\build\acceptance-20261005-085604-396\Installed FEC-RTTY é\evidence\gui-package-20-unique-fixed2-tx.log
2026-10-05 08:58:02.281   Time stamp of our file: 2026-10-04 02:41:14.000
2026-10-05 08:58:02.281   Dest file exists.
2026-10-05 08:58:02.281   Time stamp of existing file: 2026-10-04 02:41:14.000
2026-10-05 08:58:02.281   Installing the file.
2026-10-05 08:58:02.283   Successfully installed the file.
2026-10-05 08:58:02.283   -- File entry --
2026-10-05 08:58:02.283   Dest filename: <project-root>\installer\build\acceptance-20261005-085604-396\Installed FEC-RTTY é\evidence\gui-package-20-unique-tx.log
2026-10-05 08:58:02.283   Time stamp of our file: 2026-10-04 02:30:52.000
2026-10-05 08:58:02.283   Dest file exists.
2026-10-05 08:58:02.284   Time stamp of existing file: 2026-10-04 02:30:52.000
2026-10-05 08:58:02.284   Installing the file.
2026-10-05 08:58:02.286   Successfully installed the file.
2026-10-05 08:58:02.286   -- File entry --
2026-10-05 08:58:02.286   Dest filename: <project-root>\installer\build\acceptance-20261005-085604-396\Installed FEC-RTTY é\evidence\gui-package-3-unique-fixed-tx.log
2026-10-05 08:58:02.286   Time stamp of our file: 2026-10-04 02:38:18.000
2026-10-05 08:58:02.286   Dest file exists.
2026-10-05 08:58:02.286   Time stamp of existing file: 2026-10-04 02:38:18.000
2026-10-05 08:58:02.286   Installing the file.
2026-10-05 08:58:02.287   Successfully installed the file.
2026-10-05 08:58:02.287   -- File entry --
2026-10-05 08:58:02.287   Dest filename: <project-root>\installer\build\acceptance-20261005-085604-396\Installed FEC-RTTY é\evidence\gui-reverse-cli-rx-full.err.log
2026-10-05 08:58:02.287   Time stamp of our file: 2026-10-04 00:36:16.000
2026-10-05 08:58:02.287   Dest file exists.
2026-10-05 08:58:02.287   Time stamp of existing file: 2026-10-04 00:36:16.000
2026-10-05 08:58:02.289   Installing the file.
2026-10-05 08:58:02.289   Successfully installed the file.
2026-10-05 08:58:02.289   -- File entry --
2026-10-05 08:58:02.289   Dest filename: <project-root>\installer\build\acceptance-20261005-085604-396\Installed FEC-RTTY é\evidence\gui-reverse-cli-rx-full.log
2026-10-05 08:58:02.291   Time stamp of our file: 2026-10-04 00:36:32.000
2026-10-05 08:58:02.291   Dest file exists.
2026-10-05 08:58:02.291   Time stamp of existing file: 2026-10-04 00:36:32.000
2026-10-05 08:58:02.291   Installing the file.
2026-10-05 08:58:02.292   Successfully installed the file.
2026-10-05 08:58:02.292   -- File entry --
2026-10-05 08:58:02.292   Dest filename: <project-root>\installer\build\acceptance-20261005-085604-396\Installed FEC-RTTY é\evidence\gui-reverse-cli-rx.err.log
2026-10-05 08:58:02.292   Time stamp of our file: 2026-10-04 00:35:16.000
2026-10-05 08:58:02.292   Dest file exists.
2026-10-05 08:58:02.292   Time stamp of existing file: 2026-10-04 00:35:16.000
2026-10-05 08:58:02.292   Installing the file.
2026-10-05 08:58:02.294   Successfully installed the file.
2026-10-05 08:58:02.294   -- File entry --
2026-10-05 08:58:02.294   Dest filename: <project-root>\installer\build\acceptance-20261005-085604-396\Installed FEC-RTTY é\evidence\gui-reverse-cli-rx.log
2026-10-05 08:58:02.294   Time stamp of our file: 2026-10-04 00:35:28.000
2026-10-05 08:58:02.294   Dest file exists.
2026-10-05 08:58:02.295   Time stamp of existing file: 2026-10-04 00:35:28.000
2026-10-05 08:58:02.295   Installing the file.
2026-10-05 08:58:02.295   Successfully installed the file.
2026-10-05 08:58:02.297   -- File entry --
2026-10-05 08:58:02.297   Dest filename: <project-root>\installer\build\acceptance-20261005-085604-396\Installed FEC-RTTY é\evidence\gui-scale-matrix-20261004.html
2026-10-05 08:58:02.297   Time stamp of our file: 2026-10-05 08:55:34.000
2026-10-05 08:58:02.297   Dest file exists.
2026-10-05 08:58:02.297   Time stamp of existing file: 2026-10-05 08:55:34.000
2026-10-05 08:58:02.297   Installing the file.
2026-10-05 08:58:02.298   Successfully installed the file.
2026-10-05 08:58:02.298   -- File entry --
2026-10-05 08:58:02.298   Dest filename: <project-root>\installer\build\acceptance-20261005-085604-396\Installed FEC-RTTY é\evidence\gui-scale-matrix-20261004.md
2026-10-05 08:58:02.298   Time stamp of our file: 2026-10-04 10:05:44.000
2026-10-05 08:58:02.298   Dest file exists.
2026-10-05 08:58:02.300   Time stamp of existing file: 2026-10-04 10:05:44.000
2026-10-05 08:58:02.300   Installing the file.
2026-10-05 08:58:02.301   Successfully installed the file.
2026-10-05 08:58:02.301   -- File entry --
2026-10-05 08:58:02.301   Dest filename: <project-root>\installer\build\acceptance-20261005-085604-396\Installed FEC-RTTY é\evidence\gui-to-gui-20261004.html
2026-10-05 08:58:02.301   Time stamp of our file: 2026-10-05 08:55:34.000
2026-10-05 08:58:02.301   Dest file exists.
2026-10-05 08:58:02.301   Time stamp of existing file: 2026-10-05 08:55:34.000
2026-10-05 08:58:02.301   Installing the file.
2026-10-05 08:58:02.303   Successfully installed the file.
2026-10-05 08:58:02.303   -- File entry --
2026-10-05 08:58:02.304   Dest filename: <project-root>\installer\build\acceptance-20261005-085604-396\Installed FEC-RTTY é\evidence\gui-to-gui-20261004.md
2026-10-05 08:58:02.304   Time stamp of our file: 2026-10-04 02:54:28.000
2026-10-05 08:58:02.304   Dest file exists.
2026-10-05 08:58:02.304   Time stamp of existing file: 2026-10-04 02:54:28.000
2026-10-05 08:58:02.304   Installing the file.
2026-10-05 08:58:02.306   Successfully installed the file.
2026-10-05 08:58:02.306   -- File entry --
2026-10-05 08:58:02.307   Dest filename: <project-root>\installer\build\acceptance-20261005-085604-396\Installed FEC-RTTY é\evidence\gui-visual-audit-20261004.html
2026-10-05 08:58:02.307   Time stamp of our file: 2026-10-05 08:55:34.000
2026-10-05 08:58:02.307   Dest file exists.
2026-10-05 08:58:02.307   Time stamp of existing file: 2026-10-05 08:55:34.000
2026-10-05 08:58:02.307   Installing the file.
2026-10-05 08:58:02.310   Successfully installed the file.
2026-10-05 08:58:02.310   -- File entry --
2026-10-05 08:58:02.310   Dest filename: <project-root>\installer\build\acceptance-20261005-085604-396\Installed FEC-RTTY é\evidence\gui-visual-audit-20261004.md
2026-10-05 08:58:02.310   Time stamp of our file: 2026-10-04 10:05:44.000
2026-10-05 08:58:02.310   Dest file exists.
2026-10-05 08:58:02.310   Time stamp of existing file: 2026-10-04 10:05:44.000
2026-10-05 08:58:02.310   Installing the file.
2026-10-05 08:58:02.311   Successfully installed the file.
2026-10-05 08:58:02.311   -- File entry --
2026-10-05 08:58:02.313   Dest filename: <project-root>\installer\build\acceptance-20261005-085604-396\Installed FEC-RTTY é\evidence\PLAINTEXT_SESSION_20261004_R7.html
2026-10-05 08:58:02.313   Time stamp of our file: 2026-10-05 08:55:34.000
2026-10-05 08:58:02.313   Dest file exists.
2026-10-05 08:58:02.313   Time stamp of existing file: 2026-10-05 08:55:34.000
2026-10-05 08:58:02.313   Installing the file.
2026-10-05 08:58:02.314   Successfully installed the file.
2026-10-05 08:58:02.314   -- File entry --
2026-10-05 08:58:02.314   Dest filename: <project-root>\installer\build\acceptance-20261005-085604-396\Installed FEC-RTTY é\evidence\PLAINTEXT_SESSION_20261004_R7.md
2026-10-05 08:58:02.314   Time stamp of our file: 2026-10-04 16:07:32.000
2026-10-05 08:58:02.314   Dest file exists.
2026-10-05 08:58:02.314   Time stamp of existing file: 2026-10-04 16:07:32.000
2026-10-05 08:58:02.314   Installing the file.
2026-10-05 08:58:02.316   Successfully installed the file.
2026-10-05 08:58:02.316   -- File entry --
2026-10-05 08:58:02.317   Dest filename: <project-root>\installer\build\acceptance-20261005-085604-396\Installed FEC-RTTY é\evidence\RESTORED_RTTY_FEC_20261004.html
2026-10-05 08:58:02.317   Time stamp of our file: 2026-10-05 08:55:34.000
2026-10-05 08:58:02.317   Dest file exists.
2026-10-05 08:58:02.317   Time stamp of existing file: 2026-10-05 08:55:34.000
2026-10-05 08:58:02.317   Installing the file.
2026-10-05 08:58:02.319   Successfully installed the file.
2026-10-05 08:58:02.319   -- File entry --
2026-10-05 08:58:02.319   Dest filename: <project-root>\installer\build\acceptance-20261005-085604-396\Installed FEC-RTTY é\evidence\RESTORED_RTTY_FEC_20261004.md
2026-10-05 08:58:02.319   Time stamp of our file: 2026-10-04 18:57:56.000
2026-10-05 08:58:02.319   Dest file exists.
2026-10-05 08:58:02.319   Time stamp of existing file: 2026-10-04 18:57:56.000
2026-10-05 08:58:02.319   Installing the file.
2026-10-05 08:58:02.321   Successfully installed the file.
2026-10-05 08:58:02.321   -- File entry --
2026-10-05 08:58:02.321   Dest filename: <project-root>\installer\build\acceptance-20261005-085604-396\Installed FEC-RTTY é\evidence\vb-20-20261003-223930-rx.log
2026-10-05 08:58:02.322   Time stamp of our file: 2026-10-03 22:40:44.000
2026-10-05 08:58:02.322   Dest file exists.
2026-10-05 08:58:02.322   Time stamp of existing file: 2026-10-03 22:40:44.000
2026-10-05 08:58:02.322   Installing the file.
2026-10-05 08:58:02.322   Successfully installed the file.
2026-10-05 08:58:02.324   -- File entry --
2026-10-05 08:58:02.324   Dest filename: <project-root>\installer\build\acceptance-20261005-085604-396\Installed FEC-RTTY é\evidence\vb-20-20261003-223930-tx.log
2026-10-05 08:58:02.324   Time stamp of our file: 2026-10-03 22:40:18.000
2026-10-05 08:58:02.324   Dest file exists.
2026-10-05 08:58:02.324   Time stamp of existing file: 2026-10-03 22:40:18.000
2026-10-05 08:58:02.324   Installing the file.
2026-10-05 08:58:02.325   Successfully installed the file.
2026-10-05 08:58:02.325   -- File entry --
2026-10-05 08:58:02.325   Dest filename: <project-root>\installer\build\acceptance-20261005-085604-396\Installed FEC-RTTY é\evidence\vb-20-20261004-003856-rx.log
2026-10-05 08:58:02.325   Time stamp of our file: 2026-10-04 00:40:12.000
2026-10-05 08:58:02.325   Dest file exists.
2026-10-05 08:58:02.325   Time stamp of existing file: 2026-10-04 00:40:12.000
2026-10-05 08:58:02.325   Installing the file.
2026-10-05 08:58:02.327   Successfully installed the file.
2026-10-05 08:58:02.327   -- File entry --
2026-10-05 08:58:02.328   Dest filename: <project-root>\installer\build\acceptance-20261005-085604-396\Installed FEC-RTTY é\evidence\vb-20-20261004-003856-tx.log
2026-10-05 08:58:02.328   Time stamp of our file: 2026-10-04 00:39:44.000
2026-10-05 08:58:02.328   Dest file exists.
2026-10-05 08:58:02.328   Time stamp of existing file: 2026-10-04 00:39:44.000
2026-10-05 08:58:02.328   Installing the file.
2026-10-05 08:58:02.330   Successfully installed the file.
2026-10-05 08:58:02.330   -- File entry --
2026-10-05 08:58:02.330   Dest filename: <project-root>\installer\build\acceptance-20261005-085604-396\Installed FEC-RTTY é\evidence\vb-50-20261003-224055-rx.log
2026-10-05 08:58:02.331   Time stamp of our file: 2026-10-03 22:41:00.000
2026-10-05 08:58:02.331   Dest file exists.
2026-10-05 08:58:02.331   Time stamp of existing file: 2026-10-03 22:41:00.000
2026-10-05 08:58:02.331   Installing the file.
2026-10-05 08:58:02.333   Successfully installed the file.
2026-10-05 08:58:02.333   -- File entry --
2026-10-05 08:58:02.333   Dest filename: <project-root>\installer\build\acceptance-20261005-085604-396\Installed FEC-RTTY é\evidence\vb-50-20261003-224055-tx.log
2026-10-05 08:58:02.333   Time stamp of our file: 2026-10-03 22:42:54.000
2026-10-05 08:58:02.334   Dest file exists.
2026-10-05 08:58:02.334   Time stamp of existing file: 2026-10-03 22:42:54.000
2026-10-05 08:58:02.334   Installing the file.
2026-10-05 08:58:02.334   Successfully installed the file.
2026-10-05 08:58:02.336   -- File entry --
2026-10-05 08:58:02.336   Dest filename: <project-root>\installer\build\acceptance-20261005-085604-396\Installed FEC-RTTY é\evidence\vb-50-20261003-224726-rx.log
2026-10-05 08:58:02.336   Time stamp of our file: 2026-10-03 22:47:38.000
2026-10-05 08:58:02.336   Dest file exists.
2026-10-05 08:58:02.336   Time stamp of existing file: 2026-10-03 22:47:38.000
2026-10-05 08:58:02.336   Installing the file.
2026-10-05 08:58:02.337   Successfully installed the file.
2026-10-05 08:58:02.337   -- File entry --
2026-10-05 08:58:02.337   Dest filename: <project-root>\installer\build\acceptance-20261005-085604-396\Installed FEC-RTTY é\evidence\vb-50-20261003-224726-tx.log
2026-10-05 08:58:02.337   Time stamp of our file: 2026-10-03 22:49:26.000
2026-10-05 08:58:02.337   Dest file exists.
2026-10-05 08:58:02.337   Time stamp of existing file: 2026-10-03 22:49:26.000
2026-10-05 08:58:02.337   Installing the file.
2026-10-05 08:58:02.340   Successfully installed the file.
2026-10-05 08:58:02.340   -- File entry --
2026-10-05 08:58:02.340   Dest filename: <project-root>\installer\build\acceptance-20261005-085604-396\Installed FEC-RTTY é\evidence\vb-50-20261003-230309-rx.log
2026-10-05 08:58:02.340   Time stamp of our file: 2026-10-03 23:04:12.000
2026-10-05 08:58:02.340   Dest file exists.
2026-10-05 08:58:02.340   Time stamp of existing file: 2026-10-03 23:04:12.000
2026-10-05 08:58:02.340   Installing the file.
2026-10-05 08:58:02.341   Successfully installed the file.
2026-10-05 08:58:02.341   -- File entry --
2026-10-05 08:58:02.341   Dest filename: <project-root>\installer\build\acceptance-20261005-085604-396\Installed FEC-RTTY é\evidence\vb-50-20261003-230309-tx.log
2026-10-05 08:58:02.343   Time stamp of our file: 2026-10-03 23:05:08.000
2026-10-05 08:58:02.343   Dest file exists.
2026-10-05 08:58:02.343   Time stamp of existing file: 2026-10-03 23:05:08.000
2026-10-05 08:58:02.343   Installing the file.
2026-10-05 08:58:02.343   Successfully installed the file.
2026-10-05 08:58:02.344   -- File entry --
2026-10-05 08:58:02.344   Dest filename: <project-root>\installer\build\acceptance-20261005-085604-396\Installed FEC-RTTY é\evidence\vb-50-20261003-230829-rx.log
2026-10-05 08:58:02.344   Time stamp of our file: 2026-10-03 23:11:10.000
2026-10-05 08:58:02.344   Dest file exists.
2026-10-05 08:58:02.344   Time stamp of existing file: 2026-10-03 23:11:10.000
2026-10-05 08:58:02.344   Installing the file.
2026-10-05 08:58:02.347   Successfully installed the file.
2026-10-05 08:58:02.347   -- File entry --
2026-10-05 08:58:02.347   Dest filename: <project-root>\installer\build\acceptance-20261005-085604-396\Installed FEC-RTTY é\evidence\vb-50-20261003-230829-tx.log
2026-10-05 08:58:02.347   Time stamp of our file: 2026-10-03 23:10:28.000
2026-10-05 08:58:02.347   Dest file exists.
2026-10-05 08:58:02.349   Time stamp of existing file: 2026-10-03 23:10:28.000
2026-10-05 08:58:02.349   Installing the file.
2026-10-05 08:58:02.350   Successfully installed the file.
2026-10-05 08:58:02.350   -- File entry --
2026-10-05 08:58:02.350   Dest filename: <project-root>\installer\build\acceptance-20261005-085604-396\Installed FEC-RTTY é\evidence\vb-long-20261003-231121-rx.log
2026-10-05 08:58:02.350   Time stamp of our file: 2026-10-03 23:15:02.000
2026-10-05 08:58:02.350   Dest file exists.
2026-10-05 08:58:02.350   Time stamp of existing file: 2026-10-03 23:15:02.000
2026-10-05 08:58:02.350   Installing the file.
2026-10-05 08:58:02.351   Successfully installed the file.
2026-10-05 08:58:02.351   -- File entry --
2026-10-05 08:58:02.353   Dest filename: <project-root>\installer\build\acceptance-20261005-085604-396\Installed FEC-RTTY é\evidence\vb-long-20261003-231121-tx.log
2026-10-05 08:58:02.353   Time stamp of our file: 2026-10-03 23:13:54.000
2026-10-05 08:58:02.353   Dest file exists.
2026-10-05 08:58:02.353   Time stamp of existing file: 2026-10-03 23:13:54.000
2026-10-05 08:58:02.353   Installing the file.
2026-10-05 08:58:02.354   Successfully installed the file.
2026-10-05 08:58:02.354   -- File entry --
2026-10-05 08:58:02.354   Dest filename: <project-root>\installer\build\acceptance-20261005-085604-396\Installed FEC-RTTY é\evidence\vb-short-20261003-223824-rx.log
2026-10-05 08:58:02.354   Time stamp of our file: 2026-10-03 22:38:24.000
2026-10-05 08:58:02.354   Dest file exists.
2026-10-05 08:58:02.354   Time stamp of existing file: 2026-10-03 22:38:24.000
2026-10-05 08:58:02.354   Installing the file.
2026-10-05 08:58:02.356   Successfully installed the file.
2026-10-05 08:58:02.356   -- File entry --
2026-10-05 08:58:02.356   Dest filename: <project-root>\installer\build\acceptance-20261005-085604-396\Installed FEC-RTTY é\evidence\vb-short-20261003-223824-tx.log
2026-10-05 08:58:02.356   Time stamp of our file: 2026-10-03 22:38:24.000
2026-10-05 08:58:02.356   Dest file exists.
2026-10-05 08:58:02.356   Time stamp of existing file: 2026-10-03 22:38:24.000
2026-10-05 08:58:02.356   Installing the file.
2026-10-05 08:58:02.357   Successfully installed the file.
2026-10-05 08:58:02.357   -- File entry --
2026-10-05 08:58:02.357   Dest filename: <project-root>\installer\build\acceptance-20261005-085604-396\Installed FEC-RTTY é\evidence\vb-short-20261003-223859-rx.log
2026-10-05 08:58:02.357   Time stamp of our file: 2026-10-03 22:39:14.000
2026-10-05 08:58:02.359   Dest file exists.
2026-10-05 08:58:02.359   Time stamp of existing file: 2026-10-03 22:39:14.000
2026-10-05 08:58:02.359   Installing the file.
2026-10-05 08:58:02.359   Successfully installed the file.
2026-10-05 08:58:02.359   -- File entry --
2026-10-05 08:58:02.360   Dest filename: <project-root>\installer\build\acceptance-20261005-085604-396\Installed FEC-RTTY é\evidence\vb-short-20261003-223859-tx.log
2026-10-05 08:58:02.360   Time stamp of our file: 2026-10-03 22:39:02.000
2026-10-05 08:58:02.360   Dest file exists.
2026-10-05 08:58:02.360   Time stamp of existing file: 2026-10-03 22:39:02.000
2026-10-05 08:58:02.360   Installing the file.
2026-10-05 08:58:02.363   Successfully installed the file.
2026-10-05 08:58:02.363   -- File entry --
2026-10-05 08:58:02.363   Dest filename: <project-root>\installer\build\acceptance-20261005-085604-396\Installed FEC-RTTY é\evidence\vb-short-20261004-003831-rx.log
2026-10-05 08:58:02.363   Time stamp of our file: 2026-10-04 00:38:46.000
2026-10-05 08:58:02.363   Dest file exists.
2026-10-05 08:58:02.363   Time stamp of existing file: 2026-10-04 00:38:46.000
2026-10-05 08:58:02.363   Installing the file.
2026-10-05 08:58:02.365   Successfully installed the file.
2026-10-05 08:58:02.365   -- File entry --
2026-10-05 08:58:02.367   Dest filename: <project-root>\installer\build\acceptance-20261005-085604-396\Installed FEC-RTTY é\evidence\vb-short-20261004-003831-tx.log
2026-10-05 08:58:02.367   Time stamp of our file: 2026-10-04 00:38:34.000
2026-10-05 08:58:02.367   Dest file exists.
2026-10-05 08:58:02.367   Time stamp of existing file: 2026-10-04 00:38:34.000
2026-10-05 08:58:02.367   Installing the file.
2026-10-05 08:58:02.370   Successfully installed the file.
2026-10-05 08:58:02.370   -- File entry --
2026-10-05 08:58:02.370   Dest filename: <project-root>\installer\build\acceptance-20261005-085604-396\Installed FEC-RTTY é\evidence\vb-short-20261004-120547-rx.log
2026-10-05 08:58:02.370   Time stamp of our file: 2026-10-04 12:06:02.000
2026-10-05 08:58:02.370   Dest file exists.
2026-10-05 08:58:02.370   Time stamp of existing file: 2026-10-04 12:06:02.000
2026-10-05 08:58:02.370   Installing the file.
2026-10-05 08:58:02.372   Successfully installed the file.
2026-10-05 08:58:02.372   -- File entry --
2026-10-05 08:58:02.372   Dest filename: <project-root>\installer\build\acceptance-20261005-085604-396\Installed FEC-RTTY é\evidence\vb-short-20261004-120547-tx.log
2026-10-05 08:58:02.372   Time stamp of our file: 2026-10-04 12:05:50.000
2026-10-05 08:58:02.372   Dest file exists.
2026-10-05 08:58:02.372   Time stamp of existing file: 2026-10-04 12:05:50.000
2026-10-05 08:58:02.372   Installing the file.
2026-10-05 08:58:02.373   Successfully installed the file.
2026-10-05 08:58:02.373   -- File entry --
2026-10-05 08:58:02.375   Dest filename: <project-root>\installer\build\acceptance-20261005-085604-396\Installed FEC-RTTY é\evidence\vb-short-20261004-120707-rx.log
2026-10-05 08:58:02.375   Time stamp of our file: 2026-10-04 12:07:18.000
2026-10-05 08:58:02.375   Dest file exists.
2026-10-05 08:58:02.375   Time stamp of existing file: 2026-10-04 12:07:18.000
2026-10-05 08:58:02.375   Installing the file.
2026-10-05 08:58:02.376   Successfully installed the file.
2026-10-05 08:58:02.376   -- File entry --
2026-10-05 08:58:02.376   Dest filename: <project-root>\installer\build\acceptance-20261005-085604-396\Installed FEC-RTTY é\evidence\vb-short-20261004-120707-tx.log
2026-10-05 08:58:02.376   Time stamp of our file: 2026-10-04 12:07:10.000
2026-10-05 08:58:02.376   Dest file exists.
2026-10-05 08:58:02.376   Time stamp of existing file: 2026-10-04 12:07:10.000
2026-10-05 08:58:02.376   Installing the file.
2026-10-05 08:58:02.378   Successfully installed the file.
2026-10-05 08:58:02.378   -- File entry --
2026-10-05 08:58:02.378   Dest filename: <project-root>\installer\build\acceptance-20261005-085604-396\Installed FEC-RTTY é\evidence\vb-short-20261004-125608-rx.log
2026-10-05 08:58:02.379   Time stamp of our file: 2026-10-04 12:56:22.000
2026-10-05 08:58:02.379   Dest file exists.
2026-10-05 08:58:02.379   Time stamp of existing file: 2026-10-04 12:56:22.000
2026-10-05 08:58:02.379   Installing the file.
2026-10-05 08:58:02.381   Successfully installed the file.
2026-10-05 08:58:02.381   -- File entry --
2026-10-05 08:58:02.381   Dest filename: <project-root>\installer\build\acceptance-20261005-085604-396\Installed FEC-RTTY é\evidence\vb-short-20261004-125608-tx.log
2026-10-05 08:58:02.381   Time stamp of our file: 2026-10-04 12:56:10.000
2026-10-05 08:58:02.381   Dest file exists.
2026-10-05 08:58:02.381   Time stamp of existing file: 2026-10-04 12:56:10.000
2026-10-05 08:58:02.381   Installing the file.
2026-10-05 08:58:02.382   Successfully installed the file.
2026-10-05 08:58:02.382   -- File entry --
2026-10-05 08:58:02.382   Dest filename: <project-root>\installer\build\acceptance-20261005-085604-396\Installed FEC-RTTY é\evidence\vb-short-20261004-125643-rx.log
2026-10-05 08:58:02.384   Time stamp of our file: 2026-10-04 12:56:52.000
2026-10-05 08:58:02.384   Dest file exists.
2026-10-05 08:58:02.384   Time stamp of existing file: 2026-10-04 12:56:52.000
2026-10-05 08:58:02.384   Installing the file.
2026-10-05 08:58:02.385   Successfully installed the file.
2026-10-05 08:58:02.385   -- File entry --
2026-10-05 08:58:02.385   Dest filename: <project-root>\installer\build\acceptance-20261005-085604-396\Installed FEC-RTTY é\evidence\vb-short-20261004-125643-tx.log
2026-10-05 08:58:02.385   Time stamp of our file: 2026-10-04 12:56:46.000
2026-10-05 08:58:02.385   Dest file exists.
2026-10-05 08:58:02.385   Time stamp of existing file: 2026-10-04 12:56:46.000
2026-10-05 08:58:02.385   Installing the file.
2026-10-05 08:58:02.387   Successfully installed the file.
2026-10-05 08:58:02.387   -- File entry --
2026-10-05 08:58:02.387   Dest filename: <project-root>\installer\build\acceptance-20261005-085604-396\Installed FEC-RTTY é\evidence\vb-short-20261004-131838-rx.log
2026-10-05 08:58:02.388   Time stamp of our file: 2026-10-04 13:18:54.000
2026-10-05 08:58:02.388   Dest file exists.
2026-10-05 08:58:02.388   Time stamp of existing file: 2026-10-04 13:18:54.000
2026-10-05 08:58:02.388   Installing the file.
2026-10-05 08:58:02.388   Successfully installed the file.
2026-10-05 08:58:02.390   -- File entry --
2026-10-05 08:58:02.390   Dest filename: <project-root>\installer\build\acceptance-20261005-085604-396\Installed FEC-RTTY é\evidence\vb-short-20261004-131838-tx.log
2026-10-05 08:58:02.390   Time stamp of our file: 2026-10-04 13:18:42.000
2026-10-05 08:58:02.390   Dest file exists.
2026-10-05 08:58:02.390   Time stamp of existing file: 2026-10-04 13:18:42.000
2026-10-05 08:58:02.390   Installing the file.
2026-10-05 08:58:02.392   Successfully installed the file.
2026-10-05 08:58:02.392   -- File entry --
2026-10-05 08:58:02.392   Dest filename: <project-root>\installer\build\acceptance-20261005-085604-396\Installed FEC-RTTY é\evidence\vb-short-20261004-132600-rx.log
2026-10-05 08:58:02.393   Time stamp of our file: 2026-10-04 13:26:10.000
2026-10-05 08:58:02.393   Dest file exists.
2026-10-05 08:58:02.393   Time stamp of existing file: 2026-10-04 13:26:10.000
2026-10-05 08:58:02.393   Installing the file.
2026-10-05 08:58:02.395   Successfully installed the file.
2026-10-05 08:58:02.395   -- File entry --
2026-10-05 08:58:02.395   Dest filename: <project-root>\installer\build\acceptance-20261005-085604-396\Installed FEC-RTTY é\evidence\vb-short-20261004-132600-tx.log
2026-10-05 08:58:02.395   Time stamp of our file: 2026-10-04 13:26:04.000
2026-10-05 08:58:02.395   Dest file exists.
2026-10-05 08:58:02.395   Time stamp of existing file: 2026-10-04 13:26:04.000
2026-10-05 08:58:02.396   Installing the file.
2026-10-05 08:58:02.396   Successfully installed the file.
2026-10-05 08:58:02.396   -- File entry --
2026-10-05 08:58:02.398   Dest filename: <project-root>\installer\build\acceptance-20261005-085604-396\Installed FEC-RTTY é\evidence\vb-short-20261004-152213-rx.log
2026-10-05 08:58:02.398   Time stamp of our file: 2026-10-04 15:22:28.000
2026-10-05 08:58:02.398   Dest file exists.
2026-10-05 08:58:02.398   Time stamp of existing file: 2026-10-04 15:22:28.000
2026-10-05 08:58:02.398   Installing the file.
2026-10-05 08:58:02.399   Successfully installed the file.
2026-10-05 08:58:02.399   -- File entry --
2026-10-05 08:58:02.399   Dest filename: <project-root>\installer\build\acceptance-20261005-085604-396\Installed FEC-RTTY é\evidence\vb-short-20261004-152213-tx.log
2026-10-05 08:58:02.399   Time stamp of our file: 2026-10-04 15:22:16.000
2026-10-05 08:58:02.399   Dest file exists.
2026-10-05 08:58:02.399   Time stamp of existing file: 2026-10-04 15:22:16.000
2026-10-05 08:58:02.401   Installing the file.
2026-10-05 08:58:02.401   Successfully installed the file.
2026-10-05 08:58:02.401   -- File entry --
2026-10-05 08:58:02.402   Dest filename: <project-root>\installer\build\acceptance-20261005-085604-396\Installed FEC-RTTY é\evidence\vb-short-20261004-155628-rx.log
2026-10-05 08:58:02.402   Time stamp of our file: 2026-10-04 15:56:42.000
2026-10-05 08:58:02.402   Dest file exists.
2026-10-05 08:58:02.402   Time stamp of existing file: 2026-10-04 15:56:42.000
2026-10-05 08:58:02.402   Installing the file.
2026-10-05 08:58:02.404   Successfully installed the file.
2026-10-05 08:58:02.404   -- File entry --
2026-10-05 08:58:02.404   Dest filename: <project-root>\installer\build\acceptance-20261005-085604-396\Installed FEC-RTTY é\evidence\vb-short-20261004-155628-tx.log
2026-10-05 08:58:02.404   Time stamp of our file: 2026-10-04 15:56:30.000
2026-10-05 08:58:02.404   Dest file exists.
2026-10-05 08:58:02.404   Time stamp of existing file: 2026-10-04 15:56:30.000
2026-10-05 08:58:02.404   Installing the file.
2026-10-05 08:58:02.405   Successfully installed the file.
2026-10-05 08:58:02.405   -- File entry --
2026-10-05 08:58:02.405   Dest filename: <project-root>\installer\build\acceptance-20261005-085604-396\Installed FEC-RTTY é\evidence\vb-short-20261004-175845-rx.log
2026-10-05 08:58:02.407   Time stamp of our file: 2026-10-04 17:59:00.000
2026-10-05 08:58:02.407   Dest file exists.
2026-10-05 08:58:02.407   Time stamp of existing file: 2026-10-04 17:59:00.000
2026-10-05 08:58:02.407   Installing the file.
2026-10-05 08:58:02.409   Successfully installed the file.
2026-10-05 08:58:02.409   -- File entry --
2026-10-05 08:58:02.409   Dest filename: <project-root>\installer\build\acceptance-20261005-085604-396\Installed FEC-RTTY é\evidence\vb-short-20261004-175845-tx.log
2026-10-05 08:58:02.410   Time stamp of our file: 2026-10-04 17:58:48.000
2026-10-05 08:58:02.410   Dest file exists.
2026-10-05 08:58:02.410   Time stamp of existing file: 2026-10-04 17:58:48.000
2026-10-05 08:58:02.410   Installing the file.
2026-10-05 08:58:02.411   Successfully installed the file.
2026-10-05 08:58:02.411   -- File entry --
2026-10-05 08:58:02.411   Dest filename: <project-root>\installer\build\acceptance-20261005-085604-396\Installed FEC-RTTY é\evidence\vb-short-20261004-204344-rx.log
2026-10-05 08:58:02.411   Time stamp of our file: 2026-10-04 20:43:56.000
2026-10-05 08:58:02.411   Dest file exists.
2026-10-05 08:58:02.411   Time stamp of existing file: 2026-10-04 20:43:56.000
2026-10-05 08:58:02.411   Installing the file.
2026-10-05 08:58:02.413   Successfully installed the file.
2026-10-05 08:58:02.413   -- File entry --
2026-10-05 08:58:02.413   Dest filename: <project-root>\installer\build\acceptance-20261005-085604-396\Installed FEC-RTTY é\evidence\vb-short-20261004-204344-tx.log
2026-10-05 08:58:02.414   Time stamp of our file: 2026-10-04 20:43:48.000
2026-10-05 08:58:02.414   Dest file exists.
2026-10-05 08:58:02.414   Time stamp of existing file: 2026-10-04 20:43:48.000
2026-10-05 08:58:02.414   Installing the file.
2026-10-05 08:58:02.416   Successfully installed the file.
2026-10-05 08:58:02.416   -- File entry --
2026-10-05 08:58:02.416   Dest filename: <project-root>\installer\build\acceptance-20261005-085604-396\Installed FEC-RTTY é\evidence\vb-short-20261004-204507-rx.log
2026-10-05 08:58:02.416   Time stamp of our file: 2026-10-04 20:45:20.000
2026-10-05 08:58:02.416   Dest file exists.
2026-10-05 08:58:02.416   Time stamp of existing file: 2026-10-04 20:45:20.000
2026-10-05 08:58:02.416   Installing the file.
2026-10-05 08:58:02.418   Successfully installed the file.
2026-10-05 08:58:02.418   -- File entry --
2026-10-05 08:58:02.418   Dest filename: <project-root>\installer\build\acceptance-20261005-085604-396\Installed FEC-RTTY é\evidence\vb-short-20261004-204507-tx.log
2026-10-05 08:58:02.418   Time stamp of our file: 2026-10-04 20:45:10.000
2026-10-05 08:58:02.418   Dest file exists.
2026-10-05 08:58:02.418   Time stamp of existing file: 2026-10-04 20:45:10.000
2026-10-05 08:58:02.418   Installing the file.
2026-10-05 08:58:02.419   Successfully installed the file.
2026-10-05 08:58:02.419   -- File entry --
2026-10-05 08:58:02.421   Dest filename: <project-root>\installer\build\acceptance-20261005-085604-396\Installed FEC-RTTY é\evidence\vb-short-20261004-204714-rx.log
2026-10-05 08:58:02.421   Time stamp of our file: 2026-10-04 20:47:26.000
2026-10-05 08:58:02.421   Dest file exists.
2026-10-05 08:58:02.421   Time stamp of existing file: 2026-10-04 20:47:26.000
2026-10-05 08:58:02.421   Installing the file.
2026-10-05 08:58:02.422   Successfully installed the file.
2026-10-05 08:58:02.422   -- File entry --
2026-10-05 08:58:02.422   Dest filename: <project-root>\installer\build\acceptance-20261005-085604-396\Installed FEC-RTTY é\evidence\vb-short-20261004-204714-tx.log
2026-10-05 08:58:02.422   Time stamp of our file: 2026-10-04 20:47:16.000
2026-10-05 08:58:02.422   Dest file exists.
2026-10-05 08:58:02.424   Time stamp of existing file: 2026-10-04 20:47:16.000
2026-10-05 08:58:02.424   Installing the file.
2026-10-05 08:58:02.425   Successfully installed the file.
2026-10-05 08:58:02.425   -- File entry --
2026-10-05 08:58:02.425   Dest filename: <project-root>\installer\build\acceptance-20261005-085604-396\Installed FEC-RTTY é\evidence\WATERFALL_20261004_R9.html
2026-10-05 08:58:02.425   Time stamp of our file: 2026-10-05 08:55:34.000
2026-10-05 08:58:02.425   Dest file exists.
2026-10-05 08:58:02.425   Time stamp of existing file: 2026-10-05 08:55:34.000
2026-10-05 08:58:02.425   Installing the file.
2026-10-05 08:58:02.427   Successfully installed the file.
2026-10-05 08:58:02.430   -- File entry --
2026-10-05 08:58:02.430   Dest filename: <project-root>\installer\build\acceptance-20261005-085604-396\Installed FEC-RTTY é\evidence\WATERFALL_20261004_R9.md
2026-10-05 08:58:02.430   Time stamp of our file: 2026-10-04 21:49:34.000
2026-10-05 08:58:02.430   Dest file exists.
2026-10-05 08:58:02.430   Time stamp of existing file: 2026-10-04 21:49:34.000
2026-10-05 08:58:02.430   Installing the file.
2026-10-05 08:58:02.431   Successfully installed the file.
2026-10-05 08:58:02.431   -- File entry --
2026-10-05 08:58:02.431   Dest filename: <project-root>\installer\build\acceptance-20261005-085604-396\Installed FEC-RTTY é\evidence\audit-20261004\gui-long-cancel.json
2026-10-05 08:58:02.433   Time stamp of our file: 2026-10-04 20:44:34.000
2026-10-05 08:58:02.433   Dest file exists.
2026-10-05 08:58:02.433   Time stamp of existing file: 2026-10-04 20:44:34.000
2026-10-05 08:58:02.433   Installing the file.
2026-10-05 08:58:02.434   Successfully installed the file.
2026-10-05 08:58:02.434   -- File entry --
2026-10-05 08:58:02.434   Dest filename: <project-root>\installer\build\acceptance-20261005-085604-396\Installed FEC-RTTY é\evidence\audit-20261004\portaudio-20261004-201759-direction-0-rx.json
2026-10-05 08:58:02.434   Time stamp of our file: 2026-10-04 20:18:14.000
2026-10-05 08:58:02.434   Dest file exists.
2026-10-05 08:58:02.434   Time stamp of existing file: 2026-10-04 20:18:14.000
2026-10-05 08:58:02.434   Installing the file.
2026-10-05 08:58:02.436   Successfully installed the file.
2026-10-05 08:58:02.436   -- File entry --
2026-10-05 08:58:02.437   Dest filename: <project-root>\installer\build\acceptance-20261005-085604-396\Installed FEC-RTTY é\evidence\audit-20261004\portaudio-20261004-201759-direction-0-tx.json
2026-10-05 08:58:02.437   Time stamp of our file: 2026-10-04 20:18:10.000
2026-10-05 08:58:02.437   Dest file exists.
2026-10-05 08:58:02.437   Time stamp of existing file: 2026-10-04 20:18:10.000
2026-10-05 08:58:02.437   Installing the file.
2026-10-05 08:58:02.439   Successfully installed the file.
2026-10-05 08:58:02.439   -- File entry --
2026-10-05 08:58:02.439   Dest filename: <project-root>\installer\build\acceptance-20261005-085604-396\Installed FEC-RTTY é\evidence\audit-20261004\portaudio-20261004-201759-direction-1-tx.json
2026-10-05 08:58:02.440   Time stamp of our file: 2026-10-04 20:18:24.000
2026-10-05 08:58:02.440   Dest file exists.
2026-10-05 08:58:02.440   Time stamp of existing file: 2026-10-04 20:18:24.000
2026-10-05 08:58:02.440   Installing the file.
2026-10-05 08:58:02.441   Successfully installed the file.
2026-10-05 08:58:02.441   -- File entry --
2026-10-05 08:58:02.443   Dest filename: <project-root>\installer\build\acceptance-20261005-085604-396\Installed FEC-RTTY é\evidence\audit-20261004\portaudio-20261004-202348-direction-0-rx.json
2026-10-05 08:58:02.443   Time stamp of our file: 2026-10-04 20:24:08.000
2026-10-05 08:58:02.443   Dest file exists.
2026-10-05 08:58:02.443   Time stamp of existing file: 2026-10-04 20:24:08.000
2026-10-05 08:58:02.443   Installing the file.
2026-10-05 08:58:02.444   Successfully installed the file.
2026-10-05 08:58:02.444   -- File entry --
2026-10-05 08:58:02.444   Dest filename: <project-root>\installer\build\acceptance-20261005-085604-396\Installed FEC-RTTY é\evidence\audit-20261004\portaudio-20261004-202348-direction-0-tx.json
2026-10-05 08:58:02.444   Time stamp of our file: 2026-10-04 20:23:58.000
2026-10-05 08:58:02.444   Dest file exists.
2026-10-05 08:58:02.446   Time stamp of existing file: 2026-10-04 20:23:58.000
2026-10-05 08:58:02.446   Installing the file.
2026-10-05 08:58:02.447   Successfully installed the file.
2026-10-05 08:58:02.447   -- File entry --
2026-10-05 08:58:02.447   Dest filename: <project-root>\installer\build\acceptance-20261005-085604-396\Installed FEC-RTTY é\evidence\audit-20261004\portaudio-20261004-202348-direction-1-rx.json
2026-10-05 08:58:02.447   Time stamp of our file: 2026-10-04 20:24:28.000
2026-10-05 08:58:02.447   Dest file exists.
2026-10-05 08:58:02.447   Time stamp of existing file: 2026-10-04 20:24:28.000
2026-10-05 08:58:02.449   Installing the file.
2026-10-05 08:58:02.449   Successfully installed the file.
2026-10-05 08:58:02.449   -- File entry --
2026-10-05 08:58:02.451   Dest filename: <project-root>\installer\build\acceptance-20261005-085604-396\Installed FEC-RTTY é\evidence\audit-20261004\portaudio-20261004-202348-direction-1-tx.json
2026-10-05 08:58:02.451   Time stamp of our file: 2026-10-04 20:24:18.000
2026-10-05 08:58:02.451   Dest file exists.
2026-10-05 08:58:02.451   Time stamp of existing file: 2026-10-04 20:24:18.000
2026-10-05 08:58:02.451   Installing the file.
2026-10-05 08:58:02.452   Successfully installed the file.
2026-10-05 08:58:02.452   -- File entry --
2026-10-05 08:58:02.452   Dest filename: <project-root>\installer\build\acceptance-20261005-085604-396\Installed FEC-RTTY é\evidence\audit-20261004\portaudio-20261004-204227-direction-0-rx.json
2026-10-05 08:58:02.454   Time stamp of our file: 2026-10-04 20:42:44.000
2026-10-05 08:58:02.454   Dest file exists.
2026-10-05 08:58:02.454   Time stamp of existing file: 2026-10-04 20:42:44.000
2026-10-05 08:58:02.454   Installing the file.
2026-10-05 08:58:02.455   Successfully installed the file.
2026-10-05 08:58:02.455   -- File entry --
2026-10-05 08:58:02.455   Dest filename: <project-root>\installer\build\acceptance-20261005-085604-396\Installed FEC-RTTY é\evidence\audit-20261004\portaudio-20261004-204227-direction-0-tx.json
2026-10-05 08:58:02.457   Time stamp of our file: 2026-10-04 20:42:38.000
2026-10-05 08:58:02.457   Dest file exists.
2026-10-05 08:58:02.457   Time stamp of existing file: 2026-10-04 20:42:38.000
2026-10-05 08:58:02.457   Installing the file.
2026-10-05 08:58:02.458   Successfully installed the file.
2026-10-05 08:58:02.458   -- File entry --
2026-10-05 08:58:02.458   Dest filename: <project-root>\installer\build\acceptance-20261005-085604-396\Installed FEC-RTTY é\evidence\audit-20261004\portaudio-20261004-204227-direction-1-rx.json
2026-10-05 08:58:02.459   Time stamp of our file: 2026-10-04 20:43:00.000
2026-10-05 08:58:02.459   Dest file exists.
2026-10-05 08:58:02.459   Time stamp of existing file: 2026-10-04 20:43:00.000
2026-10-05 08:58:02.459   Installing the file.
2026-10-05 08:58:02.461   Successfully installed the file.
2026-10-05 08:58:02.461   -- File entry --
2026-10-05 08:58:02.461   Dest filename: <project-root>\installer\build\acceptance-20261005-085604-396\Installed FEC-RTTY é\evidence\audit-20261004\portaudio-20261004-204227-direction-1-tx.json
2026-10-05 08:58:02.461   Time stamp of our file: 2026-10-04 20:42:52.000
2026-10-05 08:58:02.461   Dest file exists.
2026-10-05 08:58:02.461   Time stamp of existing file: 2026-10-04 20:42:52.000
2026-10-05 08:58:02.461   Installing the file.
2026-10-05 08:58:02.462   Successfully installed the file.
2026-10-05 08:58:02.462   -- File entry --
2026-10-05 08:58:02.462   Dest filename: <project-root>\installer\build\acceptance-20261005-085604-396\Installed FEC-RTTY é\evidence\audit-20261004\portaudio-20261004-210647-direction-0-rx.json
2026-10-05 08:58:02.464   Time stamp of our file: 2026-10-04 21:07:02.000
2026-10-05 08:58:02.464   Dest file exists.
2026-10-05 08:58:02.464   Time stamp of existing file: 2026-10-04 21:07:02.000
2026-10-05 08:58:02.464   Installing the file.
2026-10-05 08:58:02.465   Successfully installed the file.
2026-10-05 08:58:02.465   -- File entry --
2026-10-05 08:58:02.465   Dest filename: <project-root>\installer\build\acceptance-20261005-085604-396\Installed FEC-RTTY é\evidence\audit-20261004\portaudio-20261004-210647-direction-0-rx.png
2026-10-05 08:58:02.465   Time stamp of our file: 2026-10-04 21:07:02.000
2026-10-05 08:58:02.465   Dest file exists.
2026-10-05 08:58:02.465   Time stamp of existing file: 2026-10-04 21:07:02.000
2026-10-05 08:58:02.467   Installing the file.
2026-10-05 08:58:02.476   Successfully installed the file.
2026-10-05 08:58:02.476   -- File entry --
2026-10-05 08:58:02.476   Dest filename: <project-root>\installer\build\acceptance-20261005-085604-396\Installed FEC-RTTY é\evidence\audit-20261004\portaudio-20261004-210647-direction-0-tx.json
2026-10-05 08:58:02.477   Time stamp of our file: 2026-10-04 21:06:58.000
2026-10-05 08:58:02.477   Dest file exists.
2026-10-05 08:58:02.477   Time stamp of existing file: 2026-10-04 21:06:58.000
2026-10-05 08:58:02.477   Installing the file.
2026-10-05 08:58:02.479   Successfully installed the file.
2026-10-05 08:58:02.479   -- File entry --
2026-10-05 08:58:02.479   Dest filename: <project-root>\installer\build\acceptance-20261005-085604-396\Installed FEC-RTTY é\evidence\audit-20261004\portaudio-20261004-211703-direction-0-rx.json
2026-10-05 08:58:02.479   Time stamp of our file: 2026-10-04 21:17:20.000
2026-10-05 08:58:02.479   Dest file exists.
2026-10-05 08:58:02.479   Time stamp of existing file: 2026-10-04 21:17:20.000
2026-10-05 08:58:02.479   Installing the file.
2026-10-05 08:58:02.480   Successfully installed the file.
2026-10-05 08:58:02.480   -- File entry --
2026-10-05 08:58:02.482   Dest filename: <project-root>\installer\build\acceptance-20261005-085604-396\Installed FEC-RTTY é\evidence\audit-20261004\portaudio-20261004-211703-direction-0-rx.png
2026-10-05 08:58:02.482   Time stamp of our file: 2026-10-04 21:17:20.000
2026-10-05 08:58:02.482   Dest file exists.
2026-10-05 08:58:02.482   Time stamp of existing file: 2026-10-04 21:17:20.000
2026-10-05 08:58:02.482   Installing the file.
2026-10-05 08:58:02.496   Successfully installed the file.
2026-10-05 08:58:02.498   -- File entry --
2026-10-05 08:58:02.498   Dest filename: <project-root>\installer\build\acceptance-20261005-085604-396\Installed FEC-RTTY é\evidence\audit-20261004\portaudio-20261004-211703-direction-0-tx.json
2026-10-05 08:58:02.498   Time stamp of our file: 2026-10-04 21:17:14.000
2026-10-05 08:58:02.498   Dest file exists.
2026-10-05 08:58:02.498   Time stamp of existing file: 2026-10-04 21:17:14.000
2026-10-05 08:58:02.498   Installing the file.
2026-10-05 08:58:02.499   Successfully installed the file.
2026-10-05 08:58:02.499   -- File entry --
2026-10-05 08:58:02.499   Dest filename: <project-root>\installer\build\acceptance-20261005-085604-396\Installed FEC-RTTY é\evidence\audit-20261004\portaudio-20261004-211703-direction-1-rx.json
2026-10-05 08:58:02.501   Time stamp of our file: 2026-10-04 21:17:36.000
2026-10-05 08:58:02.501   Dest file exists.
2026-10-05 08:58:02.501   Time stamp of existing file: 2026-10-04 21:17:36.000
2026-10-05 08:58:02.501   Installing the file.
2026-10-05 08:58:02.502   Successfully installed the file.
2026-10-05 08:58:02.502   -- File entry --
2026-10-05 08:58:02.502   Dest filename: <project-root>\installer\build\acceptance-20261005-085604-396\Installed FEC-RTTY é\evidence\audit-20261004\portaudio-20261004-211703-direction-1-rx.png
2026-10-05 08:58:02.502   Time stamp of our file: 2026-10-04 21:17:36.000
2026-10-05 08:58:02.502   Dest file exists.
2026-10-05 08:58:02.502   Time stamp of existing file: 2026-10-04 21:17:36.000
2026-10-05 08:58:02.504   Installing the file.
2026-10-05 08:58:02.518   Successfully installed the file.
2026-10-05 08:58:02.518   -- File entry --
2026-10-05 08:58:02.518   Dest filename: <project-root>\installer\build\acceptance-20261005-085604-396\Installed FEC-RTTY é\evidence\audit-20261004\portaudio-20261004-211703-direction-1-tx.json
2026-10-05 08:58:02.519   Time stamp of our file: 2026-10-04 21:17:28.000
2026-10-05 08:58:02.519   Dest file exists.
2026-10-05 08:58:02.519   Time stamp of existing file: 2026-10-04 21:17:28.000
2026-10-05 08:58:02.519   Installing the file.
2026-10-05 08:58:02.521   Successfully installed the file.
2026-10-05 08:58:02.521   -- File entry --
2026-10-05 08:58:02.521   Dest filename: <project-root>\installer\build\acceptance-20261005-085604-396\Installed FEC-RTTY é\evidence\audit-20261004\portaudio-20261004-212012-direction-0-rx.json
2026-10-05 08:58:02.521   Time stamp of our file: 2026-10-04 21:20:30.000
2026-10-05 08:58:02.521   Dest file exists.
2026-10-05 08:58:02.522   Time stamp of existing file: 2026-10-04 21:20:30.000
2026-10-05 08:58:02.522   Installing the file.
2026-10-05 08:58:02.522   Successfully installed the file.
2026-10-05 08:58:02.522   -- File entry --
2026-10-05 08:58:02.524   Dest filename: <project-root>\installer\build\acceptance-20261005-085604-396\Installed FEC-RTTY é\evidence\audit-20261004\portaudio-20261004-212012-direction-0-rx.png
2026-10-05 08:58:02.524   Time stamp of our file: 2026-10-04 21:20:30.000
2026-10-05 08:58:02.524   Dest file exists.
2026-10-05 08:58:02.524   Time stamp of existing file: 2026-10-04 21:20:30.000
2026-10-05 08:58:02.524   Installing the file.
2026-10-05 08:58:02.540   Successfully installed the file.
2026-10-05 08:58:02.540   -- File entry --
2026-10-05 08:58:02.540   Dest filename: <project-root>\installer\build\acceptance-20261005-085604-396\Installed FEC-RTTY é\evidence\audit-20261004\portaudio-20261004-212012-direction-0-tx.json
2026-10-05 08:58:02.540   Time stamp of our file: 2026-10-04 21:20:22.000
2026-10-05 08:58:02.541   Dest file exists.
2026-10-05 08:58:02.541   Time stamp of existing file: 2026-10-04 21:20:22.000
2026-10-05 08:58:02.541   Installing the file.
2026-10-05 08:58:02.542   Successfully installed the file.
2026-10-05 08:58:02.542   -- File entry --
2026-10-05 08:58:02.542   Dest filename: <project-root>\installer\build\acceptance-20261005-085604-396\Installed FEC-RTTY é\evidence\audit-20261004\portaudio-20261004-212012-direction-1-rx.json
2026-10-05 08:58:02.542   Time stamp of our file: 2026-10-04 21:20:46.000
2026-10-05 08:58:02.542   Dest file exists.
2026-10-05 08:58:02.544   Time stamp of existing file: 2026-10-04 21:20:46.000
2026-10-05 08:58:02.544   Installing the file.
2026-10-05 08:58:02.545   Successfully installed the file.
2026-10-05 08:58:02.545   -- File entry --
2026-10-05 08:58:02.545   Dest filename: <project-root>\installer\build\acceptance-20261005-085604-396\Installed FEC-RTTY é\evidence\audit-20261004\portaudio-20261004-212012-direction-1-rx.png
2026-10-05 08:58:02.545   Time stamp of our file: 2026-10-04 21:20:46.000
2026-10-05 08:58:02.545   Dest file exists.
2026-10-05 08:58:02.545   Time stamp of existing file: 2026-10-04 21:20:46.000
2026-10-05 08:58:02.545   Installing the file.
2026-10-05 08:58:02.559   Successfully installed the file.
2026-10-05 08:58:02.559   -- File entry --
2026-10-05 08:58:02.559   Dest filename: <project-root>\installer\build\acceptance-20261005-085604-396\Installed FEC-RTTY é\evidence\audit-20261004\portaudio-20261004-212012-direction-1-tx.json
2026-10-05 08:58:02.560   Time stamp of our file: 2026-10-04 21:20:40.000
2026-10-05 08:58:02.560   Dest file exists.
2026-10-05 08:58:02.560   Time stamp of existing file: 2026-10-04 21:20:40.000
2026-10-05 08:58:02.560   Installing the file.
2026-10-05 08:58:02.562   Successfully installed the file.
2026-10-05 08:58:02.562   -- File entry --
2026-10-05 08:58:02.562   Dest filename: <project-root>\installer\build\acceptance-20261005-085604-396\Installed FEC-RTTY é\evidence\audit-20261004\portaudio-20261004-212508-direction-0-rx.json
2026-10-05 08:58:02.562   Time stamp of our file: 2026-10-04 21:25:24.000
2026-10-05 08:58:02.562   Dest file exists.
2026-10-05 08:58:02.562   Time stamp of existing file: 2026-10-04 21:25:24.000
2026-10-05 08:58:02.563   Installing the file.
2026-10-05 08:58:02.565   Successfully installed the file.
2026-10-05 08:58:02.565   -- File entry --
2026-10-05 08:58:02.566   Dest filename: <project-root>\installer\build\acceptance-20261005-085604-396\Installed FEC-RTTY é\evidence\audit-20261004\portaudio-20261004-212508-direction-0-rx.png
2026-10-05 08:58:02.566   Time stamp of our file: 2026-10-04 21:25:24.000
2026-10-05 08:58:02.566   Dest file exists.
2026-10-05 08:58:02.566   Time stamp of existing file: 2026-10-04 21:25:24.000
2026-10-05 08:58:02.566   Installing the file.
2026-10-05 08:58:02.579   Successfully installed the file.
2026-10-05 08:58:02.579   -- File entry --
2026-10-05 08:58:02.579   Dest filename: <project-root>\installer\build\acceptance-20261005-085604-396\Installed FEC-RTTY é\evidence\audit-20261004\portaudio-20261004-212508-direction-0-tx.json
2026-10-05 08:58:02.581   Time stamp of our file: 2026-10-04 21:25:18.000
2026-10-05 08:58:02.581   Dest file exists.
2026-10-05 08:58:02.581   Time stamp of existing file: 2026-10-04 21:25:18.000
2026-10-05 08:58:02.581   Installing the file.
2026-10-05 08:58:02.582   Successfully installed the file.
2026-10-05 08:58:02.582   -- File entry --
2026-10-05 08:58:02.582   Dest filename: <project-root>\installer\build\acceptance-20261005-085604-396\Installed FEC-RTTY é\evidence\audit-20261004\portaudio-20261004-212508-direction-1-rx.json
2026-10-05 08:58:02.582   Time stamp of our file: 2026-10-04 21:25:40.000
2026-10-05 08:58:02.582   Dest file exists.
2026-10-05 08:58:02.584   Time stamp of existing file: 2026-10-04 21:25:40.000
2026-10-05 08:58:02.584   Installing the file.
2026-10-05 08:58:02.585   Successfully installed the file.
2026-10-05 08:58:02.585   -- File entry --
2026-10-05 08:58:02.585   Dest filename: <project-root>\installer\build\acceptance-20261005-085604-396\Installed FEC-RTTY é\evidence\audit-20261004\portaudio-20261004-212508-direction-1-rx.png
2026-10-05 08:58:02.587   Time stamp of our file: 2026-10-04 21:25:40.000
2026-10-05 08:58:02.587   Dest file exists.
2026-10-05 08:58:02.587   Time stamp of existing file: 2026-10-04 21:25:40.000
2026-10-05 08:58:02.587   Installing the file.
2026-10-05 08:58:02.600   Successfully installed the file.
2026-10-05 08:58:02.602   -- File entry --
2026-10-05 08:58:02.602   Dest filename: <project-root>\installer\build\acceptance-20261005-085604-396\Installed FEC-RTTY é\evidence\audit-20261004\portaudio-20261004-212508-direction-1-tx.json
2026-10-05 08:58:02.602   Time stamp of our file: 2026-10-04 21:25:32.000
2026-10-05 08:58:02.602   Dest file exists.
2026-10-05 08:58:02.602   Time stamp of existing file: 2026-10-04 21:25:32.000
2026-10-05 08:58:02.602   Installing the file.
2026-10-05 08:58:02.603   Successfully installed the file.
2026-10-05 08:58:02.603   -- File entry --
2026-10-05 08:58:02.603   Dest filename: <project-root>\installer\build\acceptance-20261005-085604-396\Installed FEC-RTTY é\evidence\audit-20261004\portaudio-20261004-213923-direction-0-rx.json
2026-10-05 08:58:02.605   Time stamp of our file: 2026-10-04 21:39:40.000
2026-10-05 08:58:02.605   Dest file exists.
2026-10-05 08:58:02.605   Time stamp of existing file: 2026-10-04 21:39:40.000
2026-10-05 08:58:02.605   Installing the file.
2026-10-05 08:58:02.607   Successfully installed the file.
2026-10-05 08:58:02.607   -- File entry --
2026-10-05 08:58:02.607   Dest filename: <project-root>\installer\build\acceptance-20261005-085604-396\Installed FEC-RTTY é\evidence\audit-20261004\portaudio-20261004-213923-direction-0-rx.png
2026-10-05 08:58:02.607   Time stamp of our file: 2026-10-04 21:39:40.000
2026-10-05 08:58:02.607   Dest file exists.
2026-10-05 08:58:02.607   Time stamp of existing file: 2026-10-04 21:39:40.000
2026-10-05 08:58:02.607   Installing the file.
2026-10-05 08:58:02.621   Successfully installed the file.
2026-10-05 08:58:02.621   -- File entry --
2026-10-05 08:58:02.621   Dest filename: <project-root>\installer\build\acceptance-20261005-085604-396\Installed FEC-RTTY é\evidence\audit-20261004\portaudio-20261004-213923-direction-0-tx.json
2026-10-05 08:58:02.621   Time stamp of our file: 2026-10-04 21:39:34.000
2026-10-05 08:58:02.621   Dest file exists.
2026-10-05 08:58:02.621   Time stamp of existing file: 2026-10-04 21:39:34.000
2026-10-05 08:58:02.621   Installing the file.
2026-10-05 08:58:02.623   Successfully installed the file.
2026-10-05 08:58:02.623   -- File entry --
2026-10-05 08:58:02.623   Dest filename: <project-root>\installer\build\acceptance-20261005-085604-396\Installed FEC-RTTY é\evidence\audit-20261004\portaudio-20261004-213923-direction-1-rx.json
2026-10-05 08:58:02.624   Time stamp of our file: 2026-10-04 21:39:56.000
2026-10-05 08:58:02.624   Dest file exists.
2026-10-05 08:58:02.624   Time stamp of existing file: 2026-10-04 21:39:56.000
2026-10-05 08:58:02.624   Installing the file.
2026-10-05 08:58:02.626   Successfully installed the file.
2026-10-05 08:58:02.626   -- File entry --
2026-10-05 08:58:02.627   Dest filename: <project-root>\installer\build\acceptance-20261005-085604-396\Installed FEC-RTTY é\evidence\audit-20261004\portaudio-20261004-213923-direction-1-rx.png
2026-10-05 08:58:02.629   Time stamp of our file: 2026-10-04 21:39:56.000
2026-10-05 08:58:02.629   Dest file exists.
2026-10-05 08:58:02.629   Time stamp of existing file: 2026-10-04 21:39:56.000
2026-10-05 08:58:02.629   Installing the file.
2026-10-05 08:58:02.642   Successfully installed the file.
2026-10-05 08:58:02.642   -- File entry --
2026-10-05 08:58:02.642   Dest filename: <project-root>\installer\build\acceptance-20261005-085604-396\Installed FEC-RTTY é\evidence\audit-20261004\portaudio-20261004-213923-direction-1-tx.json
2026-10-05 08:58:02.644   Time stamp of our file: 2026-10-04 21:39:50.000
2026-10-05 08:58:02.644   Dest file exists.
2026-10-05 08:58:02.644   Time stamp of existing file: 2026-10-04 21:39:50.000
2026-10-05 08:58:02.644   Installing the file.
2026-10-05 08:58:02.645   Successfully installed the file.
2026-10-05 08:58:02.645   -- File entry --
2026-10-05 08:58:02.645   Dest filename: <project-root>\installer\build\acceptance-20261005-085604-396\Installed FEC-RTTY é\evidence\audit-20261004\portaudio-20261004-213956-direction-0-rx.json
2026-10-05 08:58:02.645   Time stamp of our file: 2026-10-04 21:40:12.000
2026-10-05 08:58:02.645   Dest file exists.
2026-10-05 08:58:02.645   Time stamp of existing file: 2026-10-04 21:40:12.000
2026-10-05 08:58:02.645   Installing the file.
2026-10-05 08:58:02.647   Successfully installed the file.
2026-10-05 08:58:02.647   -- File entry --
2026-10-05 08:58:02.648   Dest filename: <project-root>\installer\build\acceptance-20261005-085604-396\Installed FEC-RTTY é\evidence\audit-20261004\portaudio-20261004-213956-direction-0-rx.png
2026-10-05 08:58:02.648   Time stamp of our file: 2026-10-04 21:40:12.000
2026-10-05 08:58:02.648   Dest file exists.
2026-10-05 08:58:02.648   Time stamp of existing file: 2026-10-04 21:40:12.000
2026-10-05 08:58:02.648   Installing the file.
2026-10-05 08:58:02.664   Successfully installed the file.
2026-10-05 08:58:02.664   -- File entry --
2026-10-05 08:58:02.664   Dest filename: <project-root>\installer\build\acceptance-20261005-085604-396\Installed FEC-RTTY é\evidence\audit-20261004\portaudio-20261004-213956-direction-0-tx.json
2026-10-05 08:58:02.666   Time stamp of our file: 2026-10-04 21:40:06.000
2026-10-05 08:58:02.666   Dest file exists.
2026-10-05 08:58:02.666   Time stamp of existing file: 2026-10-04 21:40:06.000
2026-10-05 08:58:02.666   Installing the file.
2026-10-05 08:58:02.667   Successfully installed the file.
2026-10-05 08:58:02.667   -- File entry --
2026-10-05 08:58:02.667   Dest filename: <project-root>\installer\build\acceptance-20261005-085604-396\Installed FEC-RTTY é\evidence\audit-20261004\portaudio-20261004-213956-direction-1-rx.json
2026-10-05 08:58:02.667   Time stamp of our file: 2026-10-04 21:40:28.000
2026-10-05 08:58:02.667   Dest file exists.
2026-10-05 08:58:02.667   Time stamp of existing file: 2026-10-04 21:40:28.000
2026-10-05 08:58:02.667   Installing the file.
2026-10-05 08:58:02.669   Successfully installed the file.
2026-10-05 08:58:02.669   -- File entry --
2026-10-05 08:58:02.670   Dest filename: <project-root>\installer\build\acceptance-20261005-085604-396\Installed FEC-RTTY é\evidence\audit-20261004\portaudio-20261004-213956-direction-1-rx.png
2026-10-05 08:58:02.670   Time stamp of our file: 2026-10-04 21:40:28.000
2026-10-05 08:58:02.670   Dest file exists.
2026-10-05 08:58:02.670   Time stamp of existing file: 2026-10-04 21:40:28.000
2026-10-05 08:58:02.670   Installing the file.
2026-10-05 08:58:02.683   Successfully installed the file.
2026-10-05 08:58:02.683   -- File entry --
2026-10-05 08:58:02.685   Dest filename: <project-root>\installer\build\acceptance-20261005-085604-396\Installed FEC-RTTY é\evidence\audit-20261004\portaudio-20261004-213956-direction-1-tx.json
2026-10-05 08:58:02.685   Time stamp of our file: 2026-10-04 21:40:22.000
2026-10-05 08:58:02.685   Dest file exists.
2026-10-05 08:58:02.685   Time stamp of existing file: 2026-10-04 21:40:22.000
2026-10-05 08:58:02.685   Installing the file.
2026-10-05 08:58:02.686   Successfully installed the file.
2026-10-05 08:58:02.686   -- File entry --
2026-10-05 08:58:02.686   Dest filename: <project-root>\installer\build\acceptance-20261005-085604-396\Installed FEC-RTTY é\evidence\audit-20261004\portaudio-20261004-214028-direction-0-rx.json
2026-10-05 08:58:02.688   Time stamp of our file: 2026-10-04 21:40:44.000
2026-10-05 08:58:02.688   Dest file exists.
2026-10-05 08:58:02.688   Time stamp of existing file: 2026-10-04 21:40:44.000
2026-10-05 08:58:02.688   Installing the file.
2026-10-05 08:58:02.689   Successfully installed the file.
2026-10-05 08:58:02.689   -- File entry --
2026-10-05 08:58:02.691   Dest filename: <project-root>\installer\build\acceptance-20261005-085604-396\Installed FEC-RTTY é\evidence\audit-20261004\portaudio-20261004-214028-direction-0-rx.png
2026-10-05 08:58:02.691   Time stamp of our file: 2026-10-04 21:40:44.000
2026-10-05 08:58:02.691   Dest file exists.
2026-10-05 08:58:02.691   Time stamp of existing file: 2026-10-04 21:40:44.000
2026-10-05 08:58:02.691   Installing the file.
2026-10-05 08:58:02.707   Successfully installed the file.
2026-10-05 08:58:02.707   -- File entry --
2026-10-05 08:58:02.707   Dest filename: <project-root>\installer\build\acceptance-20261005-085604-396\Installed FEC-RTTY é\evidence\audit-20261004\portaudio-20261004-214028-direction-0-tx.json
2026-10-05 08:58:02.707   Time stamp of our file: 2026-10-04 21:40:38.000
2026-10-05 08:58:02.707   Dest file exists.
2026-10-05 08:58:02.707   Time stamp of existing file: 2026-10-04 21:40:38.000
2026-10-05 08:58:02.707   Installing the file.
2026-10-05 08:58:02.710   Successfully installed the file.
2026-10-05 08:58:02.710   -- File entry --
2026-10-05 08:58:02.710   Dest filename: <project-root>\installer\build\acceptance-20261005-085604-396\Installed FEC-RTTY é\evidence\audit-20261004\portaudio-20261004-214028-direction-1-rx.json
2026-10-05 08:58:02.710   Time stamp of our file: 2026-10-04 21:41:00.000
2026-10-05 08:58:02.710   Dest file exists.
2026-10-05 08:58:02.710   Time stamp of existing file: 2026-10-04 21:41:00.000
2026-10-05 08:58:02.710   Installing the file.
2026-10-05 08:58:02.711   Successfully installed the file.
2026-10-05 08:58:02.711   -- File entry --
2026-10-05 08:58:02.713   Dest filename: <project-root>\installer\build\acceptance-20261005-085604-396\Installed FEC-RTTY é\evidence\audit-20261004\portaudio-20261004-214028-direction-1-rx.png
2026-10-05 08:58:02.713   Time stamp of our file: 2026-10-04 21:41:00.000
2026-10-05 08:58:02.713   Dest file exists.
2026-10-05 08:58:02.713   Time stamp of existing file: 2026-10-04 21:41:00.000
2026-10-05 08:58:02.713   Installing the file.
2026-10-05 08:58:02.726   Successfully installed the file.
2026-10-05 08:58:02.726   -- File entry --
2026-10-05 08:58:02.726   Dest filename: <project-root>\installer\build\acceptance-20261005-085604-396\Installed FEC-RTTY é\evidence\audit-20261004\portaudio-20261004-214028-direction-1-tx.json
2026-10-05 08:58:02.726   Time stamp of our file: 2026-10-04 21:40:54.000
2026-10-05 08:58:02.726   Dest file exists.
2026-10-05 08:58:02.726   Time stamp of existing file: 2026-10-04 21:40:54.000
2026-10-05 08:58:02.726   Installing the file.
2026-10-05 08:58:02.727   Successfully installed the file.
2026-10-05 08:58:02.729   -- File entry --
2026-10-05 08:58:02.729   Dest filename: <project-root>\installer\build\acceptance-20261005-085604-396\Installed FEC-RTTY é\evidence\audit-20261004\short-tail-rx.log
2026-10-05 08:58:02.729   Time stamp of our file: 2026-10-04 20:12:34.000
2026-10-05 08:58:02.729   Dest file exists.
2026-10-05 08:58:02.729   Time stamp of existing file: 2026-10-04 20:12:34.000
2026-10-05 08:58:02.729   Installing the file.
2026-10-05 08:58:02.730   Successfully installed the file.
2026-10-05 08:58:02.730   -- File entry --
2026-10-05 08:58:02.730   Dest filename: <project-root>\installer\build\acceptance-20261005-085604-396\Installed FEC-RTTY é\evidence\audit-20261004\short-tail-tx.json
2026-10-05 08:58:02.732   Time stamp of our file: 2026-10-04 20:12:24.000
2026-10-05 08:58:02.732   Dest file exists.
2026-10-05 08:58:02.732   Time stamp of existing file: 2026-10-04 20:12:24.000
2026-10-05 08:58:02.732   Installing the file.
2026-10-05 08:58:02.733   Successfully installed the file.
2026-10-05 08:58:02.733   -- File entry --
2026-10-05 08:58:02.733   Dest filename: <project-root>\installer\build\acceptance-20261005-085604-396\Installed FEC-RTTY é\evidence\audit-20261004\winmm-20261004-200801-direction-0-rx.json
2026-10-05 08:58:02.733   Time stamp of our file: 2026-10-04 20:08:18.000
2026-10-05 08:58:02.733   Dest file exists.
2026-10-05 08:58:02.733   Time stamp of existing file: 2026-10-04 20:08:18.000
2026-10-05 08:58:02.733   Installing the file.
2026-10-05 08:58:02.735   Successfully installed the file.
2026-10-05 08:58:02.735   -- File entry --
2026-10-05 08:58:02.737   Dest filename: <project-root>\installer\build\acceptance-20261005-085604-396\Installed FEC-RTTY é\evidence\audit-20261004\winmm-20261004-200801-direction-0-tx.json
2026-10-05 08:58:02.737   Time stamp of our file: 2026-10-04 20:08:12.000
2026-10-05 08:58:02.737   Dest file exists.
2026-10-05 08:58:02.737   Time stamp of existing file: 2026-10-04 20:08:12.000
2026-10-05 08:58:02.737   Installing the file.
2026-10-05 08:58:02.739   Successfully installed the file.
2026-10-05 08:58:02.739   -- File entry --
2026-10-05 08:58:02.740   Dest filename: <project-root>\installer\build\acceptance-20261005-085604-396\Installed FEC-RTTY é\evidence\audit-20261004\winmm-20261004-200801-direction-1-rx.json
2026-10-05 08:58:02.740   Time stamp of our file: 2026-10-04 20:08:32.000
2026-10-05 08:58:02.740   Dest file exists.
2026-10-05 08:58:02.740   Time stamp of existing file: 2026-10-04 20:08:32.000
2026-10-05 08:58:02.740   Installing the file.
2026-10-05 08:58:02.741   Successfully installed the file.
2026-10-05 08:58:02.741   -- File entry --
2026-10-05 08:58:02.743   Dest filename: <project-root>\installer\build\acceptance-20261005-085604-396\Installed FEC-RTTY é\evidence\audit-20261004\winmm-20261004-200801-direction-1-tx.json
2026-10-05 08:58:02.743   Time stamp of our file: 2026-10-04 20:08:26.000
2026-10-05 08:58:02.743   Dest file exists.
2026-10-05 08:58:02.743   Time stamp of existing file: 2026-10-04 20:08:26.000
2026-10-05 08:58:02.743   Installing the file.
2026-10-05 08:58:02.744   Successfully installed the file.
2026-10-05 08:58:02.744   -- File entry --
2026-10-05 08:58:02.746   Dest filename: <project-root>\installer\build\acceptance-20261005-085604-396\Installed FEC-RTTY é\evidence\audit-20261004\winmm-20261004-201439-direction-0-rx.json
2026-10-05 08:58:02.746   Time stamp of our file: 2026-10-04 20:14:56.000
2026-10-05 08:58:02.746   Dest file exists.
2026-10-05 08:58:02.746   Time stamp of existing file: 2026-10-04 20:14:56.000
2026-10-05 08:58:02.746   Installing the file.
2026-10-05 08:58:02.747   Successfully installed the file.
2026-10-05 08:58:02.747   -- File entry --
2026-10-05 08:58:02.747   Dest filename: <project-root>\installer\build\acceptance-20261005-085604-396\Installed FEC-RTTY é\evidence\audit-20261004\winmm-20261004-201439-direction-0-tx.json
2026-10-05 08:58:02.747   Time stamp of our file: 2026-10-04 20:14:50.000
2026-10-05 08:58:02.749   Dest file exists.
2026-10-05 08:58:02.749   Time stamp of existing file: 2026-10-04 20:14:50.000
2026-10-05 08:58:02.749   Installing the file.
2026-10-05 08:58:02.749   Successfully installed the file.
2026-10-05 08:58:02.749   -- File entry --
2026-10-05 08:58:02.751   Dest filename: <project-root>\installer\build\acceptance-20261005-085604-396\Installed FEC-RTTY é\evidence\audit-20261004\winmm-20261004-201439-direction-1-rx.json
2026-10-05 08:58:02.751   Time stamp of our file: 2026-10-04 20:15:10.000
2026-10-05 08:58:02.751   Dest file exists.
2026-10-05 08:58:02.751   Time stamp of existing file: 2026-10-04 20:15:10.000
2026-10-05 08:58:02.751   Installing the file.
2026-10-05 08:58:02.753   Successfully installed the file.
2026-10-05 08:58:02.753   -- File entry --
2026-10-05 08:58:02.753   Dest filename: <project-root>\installer\build\acceptance-20261005-085604-396\Installed FEC-RTTY é\evidence\audit-20261004\winmm-20261004-201439-direction-1-tx.json
2026-10-05 08:58:02.755   Time stamp of our file: 2026-10-04 20:15:04.000
2026-10-05 08:58:02.755   Dest file exists.
2026-10-05 08:58:02.755   Time stamp of existing file: 2026-10-04 20:15:04.000
2026-10-05 08:58:02.755   Installing the file.
2026-10-05 08:58:02.756   Successfully installed the file.
2026-10-05 08:58:02.756   -- File entry --
2026-10-05 08:58:02.756   Dest filename: <project-root>\installer\build\acceptance-20261005-085604-396\Installed FEC-RTTY é\evidence\audit-20261004\winmm-20261004-201712-direction-0-tx.json
2026-10-05 08:58:02.757   Time stamp of our file: 2026-10-04 20:17:22.000
2026-10-05 08:58:02.757   Dest file exists.
2026-10-05 08:58:02.757   Time stamp of existing file: 2026-10-04 20:17:22.000
2026-10-05 08:58:02.758   Installing the file.
2026-10-05 08:58:02.759   Successfully installed the file.
2026-10-05 08:58:02.759   -- File entry --
2026-10-05 08:58:02.759   Dest filename: <project-root>\installer\build\acceptance-20261005-085604-396\Installed FEC-RTTY é\evidence\audit-20261004\winmm-20261004-202243-direction-0-rx.json
2026-10-05 08:58:02.759   Time stamp of our file: 2026-10-04 20:23:04.000
2026-10-05 08:58:02.759   Dest file exists.
2026-10-05 08:58:02.759   Time stamp of existing file: 2026-10-04 20:23:04.000
2026-10-05 08:58:02.759   Installing the file.
2026-10-05 08:58:02.760   Successfully installed the file.
2026-10-05 08:58:02.762   -- File entry --
2026-10-05 08:58:02.762   Dest filename: <project-root>\installer\build\acceptance-20261005-085604-396\Installed FEC-RTTY é\evidence\audit-20261004\winmm-20261004-202243-direction-0-tx.json
2026-10-05 08:58:02.762   Time stamp of our file: 2026-10-04 20:22:52.000
2026-10-05 08:58:02.762   Dest file exists.
2026-10-05 08:58:02.762   Time stamp of existing file: 2026-10-04 20:22:52.000
2026-10-05 08:58:02.762   Installing the file.
2026-10-05 08:58:02.763   Successfully installed the file.
2026-10-05 08:58:02.763   -- File entry --
2026-10-05 08:58:02.763   Dest filename: <project-root>\installer\build\acceptance-20261005-085604-396\Installed FEC-RTTY é\evidence\audit-20261004\winmm-20261004-202243-direction-1-rx.json
2026-10-05 08:58:02.765   Time stamp of our file: 2026-10-04 20:23:18.000
2026-10-05 08:58:02.765   Dest file exists.
2026-10-05 08:58:02.765   Time stamp of existing file: 2026-10-04 20:23:18.000
2026-10-05 08:58:02.765   Installing the file.
2026-10-05 08:58:02.766   Successfully installed the file.
2026-10-05 08:58:02.766   -- File entry --
2026-10-05 08:58:02.766   Dest filename: <project-root>\installer\build\acceptance-20261005-085604-396\Installed FEC-RTTY é\evidence\audit-20261004\winmm-20261004-202243-direction-1-tx.json
2026-10-05 08:58:02.766   Time stamp of our file: 2026-10-04 20:23:12.000
2026-10-05 08:58:02.766   Dest file exists.
2026-10-05 08:58:02.766   Time stamp of existing file: 2026-10-04 20:23:12.000
2026-10-05 08:58:02.768   Installing the file.
2026-10-05 08:58:02.770   Successfully installed the file.
2026-10-05 08:58:02.770   -- File entry --
2026-10-05 08:58:02.770   Dest filename: <project-root>\installer\build\acceptance-20261005-085604-396\Installed FEC-RTTY é\evidence\audit-20261004\winmm-20261004-204110-direction-0-rx.json
2026-10-05 08:58:02.770   Time stamp of our file: 2026-10-04 20:41:26.000
2026-10-05 08:58:02.770   Dest file exists.
2026-10-05 08:58:02.771   Time stamp of existing file: 2026-10-04 20:41:26.000
2026-10-05 08:58:02.771   Installing the file.
2026-10-05 08:58:02.773   Successfully installed the file.
2026-10-05 08:58:02.773   -- File entry --
2026-10-05 08:58:02.773   Dest filename: <project-root>\installer\build\acceptance-20261005-085604-396\Installed FEC-RTTY é\evidence\audit-20261004\winmm-20261004-204110-direction-0-tx.json
2026-10-05 08:58:02.773   Time stamp of our file: 2026-10-04 20:41:20.000
2026-10-05 08:58:02.773   Dest file exists.
2026-10-05 08:58:02.773   Time stamp of existing file: 2026-10-04 20:41:20.000
2026-10-05 08:58:02.773   Installing the file.
2026-10-05 08:58:02.774   Successfully installed the file.
2026-10-05 08:58:02.774   -- File entry --
2026-10-05 08:58:02.776   Dest filename: <project-root>\installer\build\acceptance-20261005-085604-396\Installed FEC-RTTY é\evidence\audit-20261004\winmm-20261004-204110-direction-1-rx.json
2026-10-05 08:58:02.776   Time stamp of our file: 2026-10-04 20:41:42.000
2026-10-05 08:58:02.776   Dest file exists.
2026-10-05 08:58:02.776   Time stamp of existing file: 2026-10-04 20:41:42.000
2026-10-05 08:58:02.776   Installing the file.
2026-10-05 08:58:02.777   Successfully installed the file.
2026-10-05 08:58:02.777   -- File entry --
2026-10-05 08:58:02.777   Dest filename: <project-root>\installer\build\acceptance-20261005-085604-396\Installed FEC-RTTY é\evidence\audit-20261004\winmm-20261004-204110-direction-1-tx.json
2026-10-05 08:58:02.777   Time stamp of our file: 2026-10-04 20:41:36.000
2026-10-05 08:58:02.777   Dest file exists.
2026-10-05 08:58:02.777   Time stamp of existing file: 2026-10-04 20:41:36.000
2026-10-05 08:58:02.779   Installing the file.
2026-10-05 08:58:02.780   Successfully installed the file.
2026-10-05 08:58:02.780   -- File entry --
2026-10-05 08:58:02.780   Dest filename: <project-root>\installer\build\acceptance-20261005-085604-396\Installed FEC-RTTY é\evidence\audit-20261004\winmm-20261004-210549-direction-0-rx.json
2026-10-05 08:58:02.780   Time stamp of our file: 2026-10-04 21:06:06.000
2026-10-05 08:58:02.780   Dest file exists.
2026-10-05 08:58:02.781   Time stamp of existing file: 2026-10-04 21:06:06.000
2026-10-05 08:58:02.781   Installing the file.
2026-10-05 08:58:02.783   Successfully installed the file.
2026-10-05 08:58:02.783   -- File entry --
2026-10-05 08:58:02.783   Dest filename: <project-root>\installer\build\acceptance-20261005-085604-396\Installed FEC-RTTY é\evidence\audit-20261004\winmm-20261004-210549-direction-0-rx.png
2026-10-05 08:58:02.783   Time stamp of our file: 2026-10-04 21:06:06.000
2026-10-05 08:58:02.783   Dest file exists.
2026-10-05 08:58:02.783   Time stamp of existing file: 2026-10-04 21:06:06.000
2026-10-05 08:58:02.783   Installing the file.
2026-10-05 08:58:02.799   Successfully installed the file.
2026-10-05 08:58:02.799   -- File entry --
2026-10-05 08:58:02.800   Dest filename: <project-root>\installer\build\acceptance-20261005-085604-396\Installed FEC-RTTY é\evidence\audit-20261004\winmm-20261004-210549-direction-0-tx.json
2026-10-05 08:58:02.800   Time stamp of our file: 2026-10-04 21:06:00.000
2026-10-05 08:58:02.800   Dest file exists.
2026-10-05 08:58:02.800   Time stamp of existing file: 2026-10-04 21:06:00.000
2026-10-05 08:58:02.800   Installing the file.
2026-10-05 08:58:02.802   Successfully installed the file.
2026-10-05 08:58:02.802   -- File entry --
2026-10-05 08:58:02.803   Dest filename: <project-root>\installer\build\acceptance-20261005-085604-396\Installed FEC-RTTY é\evidence\audit-20261004\winmm-20261004-210549-direction-1-rx.json
2026-10-05 08:58:02.803   Time stamp of our file: 2026-10-04 21:06:20.000
2026-10-05 08:58:02.803   Dest file exists.
2026-10-05 08:58:02.803   Time stamp of existing file: 2026-10-04 21:06:20.000
2026-10-05 08:58:02.803   Installing the file.
2026-10-05 08:58:02.806   Successfully installed the file.
2026-10-05 08:58:02.806   -- File entry --
2026-10-05 08:58:02.806   Dest filename: <project-root>\installer\build\acceptance-20261005-085604-396\Installed FEC-RTTY é\evidence\audit-20261004\winmm-20261004-210549-direction-1-rx.png
2026-10-05 08:58:02.808   Time stamp of our file: 2026-10-04 21:06:20.000
2026-10-05 08:58:02.808   Dest file exists.
2026-10-05 08:58:02.808   Time stamp of existing file: 2026-10-04 21:06:20.000
2026-10-05 08:58:02.808   Installing the file.
2026-10-05 08:58:02.821   Successfully installed the file.
2026-10-05 08:58:02.821   -- File entry --
2026-10-05 08:58:02.822   Dest filename: <project-root>\installer\build\acceptance-20261005-085604-396\Installed FEC-RTTY é\evidence\audit-20261004\winmm-20261004-210549-direction-1-tx.json
2026-10-05 08:58:02.822   Time stamp of our file: 2026-10-04 21:06:14.000
2026-10-05 08:58:02.822   Dest file exists.
2026-10-05 08:58:02.822   Time stamp of existing file: 2026-10-04 21:06:14.000
2026-10-05 08:58:02.822   Installing the file.
2026-10-05 08:58:02.824   Successfully installed the file.
2026-10-05 08:58:02.824   -- File entry --
2026-10-05 08:58:02.824   Dest filename: <project-root>\installer\build\acceptance-20261005-085604-396\Installed FEC-RTTY é\evidence\audit-20261004\winmm-20261004-211815-direction-0-rx.json
2026-10-05 08:58:02.825   Time stamp of our file: 2026-10-04 21:18:32.000
2026-10-05 08:58:02.825   Dest file exists.
2026-10-05 08:58:02.825   Time stamp of existing file: 2026-10-04 21:18:32.000
2026-10-05 08:58:02.825   Installing the file.
2026-10-05 08:58:02.827   Successfully installed the file.
2026-10-05 08:58:02.827   -- File entry --
2026-10-05 08:58:02.827   Dest filename: <project-root>\installer\build\acceptance-20261005-085604-396\Installed FEC-RTTY é\evidence\audit-20261004\winmm-20261004-211815-direction-0-rx.png
2026-10-05 08:58:02.827   Time stamp of our file: 2026-10-04 21:18:32.000
2026-10-05 08:58:02.827   Dest file exists.
2026-10-05 08:58:02.827   Time stamp of existing file: 2026-10-04 21:18:32.000
2026-10-05 08:58:02.827   Installing the file.
2026-10-05 08:58:02.844   Successfully installed the file.
2026-10-05 08:58:02.844   -- File entry --
2026-10-05 08:58:02.844   Dest filename: <project-root>\installer\build\acceptance-20261005-085604-396\Installed FEC-RTTY é\evidence\audit-20261004\winmm-20261004-211815-direction-0-tx.json
2026-10-05 08:58:02.844   Time stamp of our file: 2026-10-04 21:18:26.000
2026-10-05 08:58:02.844   Dest file exists.
2026-10-05 08:58:02.844   Time stamp of existing file: 2026-10-04 21:18:26.000
2026-10-05 08:58:02.845   Installing the file.
2026-10-05 08:58:02.845   Successfully installed the file.
2026-10-05 08:58:02.847   -- File entry --
2026-10-05 08:58:02.847   Dest filename: <project-root>\installer\build\acceptance-20261005-085604-396\Installed FEC-RTTY é\evidence\audit-20261004\winmm-20261004-211815-direction-1-rx.json
2026-10-05 08:58:02.847   Time stamp of our file: 2026-10-04 21:18:50.000
2026-10-05 08:58:02.847   Dest file exists.
2026-10-05 08:58:02.847   Time stamp of existing file: 2026-10-04 21:18:50.000
2026-10-05 08:58:02.847   Installing the file.
2026-10-05 08:58:02.848   Successfully installed the file.
2026-10-05 08:58:02.848   -- File entry --
2026-10-05 08:58:02.848   Dest filename: <project-root>\installer\build\acceptance-20261005-085604-396\Installed FEC-RTTY é\evidence\audit-20261004\winmm-20261004-211815-direction-1-rx.png
2026-10-05 08:58:02.850   Time stamp of our file: 2026-10-04 21:18:50.000
2026-10-05 08:58:02.850   Dest file exists.
2026-10-05 08:58:02.850   Time stamp of existing file: 2026-10-04 21:18:50.000
2026-10-05 08:58:02.850   Installing the file.
2026-10-05 08:58:02.863   Successfully installed the file.
2026-10-05 08:58:02.863   -- File entry --
2026-10-05 08:58:02.864   Dest filename: <project-root>\installer\build\acceptance-20261005-085604-396\Installed FEC-RTTY é\evidence\audit-20261004\winmm-20261004-211815-direction-1-tx.json
2026-10-05 08:58:02.864   Time stamp of our file: 2026-10-04 21:18:42.000
2026-10-05 08:58:02.864   Dest file exists.
2026-10-05 08:58:02.864   Time stamp of existing file: 2026-10-04 21:18:42.000
2026-10-05 08:58:02.864   Installing the file.
2026-10-05 08:58:02.866   Successfully installed the file.
2026-10-05 08:58:02.866   -- File entry --
2026-10-05 08:58:02.867   Dest filename: <project-root>\installer\build\acceptance-20261005-085604-396\Installed FEC-RTTY é\evidence\audit-20261004\winmm-20261004-212318-direction-0-rx.json
2026-10-05 08:58:02.867   Time stamp of our file: 2026-10-04 21:23:34.000
2026-10-05 08:58:02.867   Dest file exists.
2026-10-05 08:58:02.867   Time stamp of existing file: 2026-10-04 21:23:34.000
2026-10-05 08:58:02.867   Installing the file.
2026-10-05 08:58:02.869   Successfully installed the file.
2026-10-05 08:58:02.870   -- File entry --
2026-10-05 08:58:02.870   Dest filename: <project-root>\installer\build\acceptance-20261005-085604-396\Installed FEC-RTTY é\evidence\audit-20261004\winmm-20261004-212318-direction-0-rx.png
2026-10-05 08:58:02.870   Time stamp of our file: 2026-10-04 21:23:34.000
2026-10-05 08:58:02.870   Dest file exists.
2026-10-05 08:58:02.870   Time stamp of existing file: 2026-10-04 21:23:34.000
2026-10-05 08:58:02.870   Installing the file.
2026-10-05 08:58:02.884   Successfully installed the file.
2026-10-05 08:58:02.886   -- File entry --
2026-10-05 08:58:02.886   Dest filename: <project-root>\installer\build\acceptance-20261005-085604-396\Installed FEC-RTTY é\evidence\audit-20261004\winmm-20261004-212318-direction-0-tx.json
2026-10-05 08:58:02.886   Time stamp of our file: 2026-10-04 21:23:28.000
2026-10-05 08:58:02.886   Dest file exists.
2026-10-05 08:58:02.886   Time stamp of existing file: 2026-10-04 21:23:28.000
2026-10-05 08:58:02.886   Installing the file.
2026-10-05 08:58:02.887   Successfully installed the file.
2026-10-05 08:58:02.887   -- File entry --
2026-10-05 08:58:02.887   Dest filename: <project-root>\installer\build\acceptance-20261005-085604-396\Installed FEC-RTTY é\evidence\audit-20261004\winmm-20261004-212318-direction-1-rx.json
2026-10-05 08:58:02.889   Time stamp of our file: 2026-10-04 21:23:50.000
2026-10-05 08:58:02.889   Dest file exists.
2026-10-05 08:58:02.889   Time stamp of existing file: 2026-10-04 21:23:50.000
2026-10-05 08:58:02.889   Installing the file.
2026-10-05 08:58:02.890   Successfully installed the file.
2026-10-05 08:58:02.890   -- File entry --
2026-10-05 08:58:02.890   Dest filename: <project-root>\installer\build\acceptance-20261005-085604-396\Installed FEC-RTTY é\evidence\audit-20261004\winmm-20261004-212318-direction-1-rx.png
2026-10-05 08:58:02.890   Time stamp of our file: 2026-10-04 21:23:50.000
2026-10-05 08:58:02.890   Dest file exists.
2026-10-05 08:58:02.890   Time stamp of existing file: 2026-10-04 21:23:50.000
2026-10-05 08:58:02.890   Installing the file.
2026-10-05 08:58:02.904   Successfully installed the file.
2026-10-05 08:58:02.904   -- File entry --
2026-10-05 08:58:02.904   Dest filename: <project-root>\installer\build\acceptance-20261005-085604-396\Installed FEC-RTTY é\evidence\audit-20261004\winmm-20261004-212318-direction-1-tx.json
2026-10-05 08:58:02.904   Time stamp of our file: 2026-10-04 21:23:44.000
2026-10-05 08:58:02.904   Dest file exists.
2026-10-05 08:58:02.904   Time stamp of existing file: 2026-10-04 21:23:44.000
2026-10-05 08:58:02.904   Installing the file.
2026-10-05 08:58:02.906   Successfully installed the file.
2026-10-05 08:58:02.906   -- File entry --
2026-10-05 08:58:02.907   Dest filename: <project-root>\installer\build\acceptance-20261005-085604-396\Installed FEC-RTTY é\evidence\audit-20261004\winmm-20261004-214431-direction-0-rx.json
2026-10-05 08:58:02.907   Time stamp of our file: 2026-10-04 21:44:48.000
2026-10-05 08:58:02.907   Dest file exists.
2026-10-05 08:58:02.907   Time stamp of existing file: 2026-10-04 21:44:48.000
2026-10-05 08:58:02.907   Installing the file.
2026-10-05 08:58:02.909   Successfully installed the file.
2026-10-05 08:58:02.909   -- File entry --
2026-10-05 08:58:02.910   Dest filename: <project-root>\installer\build\acceptance-20261005-085604-396\Installed FEC-RTTY é\evidence\audit-20261004\winmm-20261004-214431-direction-0-rx.png
2026-10-05 08:58:02.910   Time stamp of our file: 2026-10-04 21:44:48.000
2026-10-05 08:58:02.910   Dest file exists.
2026-10-05 08:58:02.910   Time stamp of existing file: 2026-10-04 21:44:48.000
2026-10-05 08:58:02.910   Installing the file.
2026-10-05 08:58:02.921   Successfully installed the file.
2026-10-05 08:58:02.921   -- File entry --
2026-10-05 08:58:02.921   Dest filename: <project-root>\installer\build\acceptance-20261005-085604-396\Installed FEC-RTTY é\evidence\audit-20261004\winmm-20261004-214431-direction-0-tx.json
2026-10-05 08:58:02.923   Time stamp of our file: 2026-10-04 21:44:42.000
2026-10-05 08:58:02.923   Dest file exists.
2026-10-05 08:58:02.923   Time stamp of existing file: 2026-10-04 21:44:42.000
2026-10-05 08:58:02.923   Installing the file.
2026-10-05 08:58:02.924   Successfully installed the file.
2026-10-05 08:58:02.924   -- File entry --
2026-10-05 08:58:02.924   Dest filename: <project-root>\installer\build\acceptance-20261005-085604-396\Installed FEC-RTTY é\evidence\audit-20261004\winmm-20261004-214431-direction-1-rx.json
2026-10-05 08:58:02.924   Time stamp of our file: 2026-10-04 21:45:04.000
2026-10-05 08:58:02.924   Dest file exists.
2026-10-05 08:58:02.924   Time stamp of existing file: 2026-10-04 21:45:04.000
2026-10-05 08:58:02.924   Installing the file.
2026-10-05 08:58:02.926   Successfully installed the file.
2026-10-05 08:58:02.926   -- File entry --
2026-10-05 08:58:02.927   Dest filename: <project-root>\installer\build\acceptance-20261005-085604-396\Installed FEC-RTTY é\evidence\audit-20261004\winmm-20261004-214431-direction-1-rx.png
2026-10-05 08:58:02.927   Time stamp of our file: 2026-10-04 21:45:04.000
2026-10-05 08:58:02.927   Dest file exists.
2026-10-05 08:58:02.927   Time stamp of existing file: 2026-10-04 21:45:04.000
2026-10-05 08:58:02.927   Installing the file.
2026-10-05 08:58:02.941   Successfully installed the file.
2026-10-05 08:58:02.941   -- File entry --
2026-10-05 08:58:02.941   Dest filename: <project-root>\installer\build\acceptance-20261005-085604-396\Installed FEC-RTTY é\evidence\audit-20261004\winmm-20261004-214431-direction-1-tx.json
2026-10-05 08:58:02.942   Time stamp of our file: 2026-10-04 21:44:58.000
2026-10-05 08:58:02.942   Dest file exists.
2026-10-05 08:58:02.942   Time stamp of existing file: 2026-10-04 21:44:58.000
2026-10-05 08:58:02.942   Installing the file.
2026-10-05 08:58:02.944   Successfully installed the file.
2026-10-05 08:58:02.944   -- File entry --
2026-10-05 08:58:02.944   Dest filename: <project-root>\installer\build\acceptance-20261005-085604-396\Installed FEC-RTTY é\evidence\audit-20261004\pa-compare-1\cli-rx.log
2026-10-05 08:58:02.944   Time stamp of our file: 2026-10-04 21:30:04.000
2026-10-05 08:58:02.944   Dest file exists.
2026-10-05 08:58:02.944   Time stamp of existing file: 2026-10-04 21:30:04.000
2026-10-05 08:58:02.944   Installing the file.
2026-10-05 08:58:02.945   Successfully installed the file.
2026-10-05 08:58:02.945   -- File entry --
2026-10-05 08:58:02.945   Dest filename: <project-root>\installer\build\acceptance-20261005-085604-396\Installed FEC-RTTY é\evidence\audit-20261004\pa-compare-1\gui-rx.json
2026-10-05 08:58:02.945   Time stamp of our file: 2026-10-04 21:29:58.000
2026-10-05 08:58:02.945   Dest file exists.
2026-10-05 08:58:02.945   Time stamp of existing file: 2026-10-04 21:29:58.000
2026-10-05 08:58:02.947   Installing the file.
2026-10-05 08:58:02.947   Successfully installed the file.
2026-10-05 08:58:02.947   -- File entry --
2026-10-05 08:58:02.948   Dest filename: <project-root>\installer\build\acceptance-20261005-085604-396\Installed FEC-RTTY é\evidence\audit-20261004-r10\noise-prefix-probe.cpp
2026-10-05 08:58:02.948   Time stamp of our file: 2026-10-04 22:08:06.000
2026-10-05 08:58:02.948   Dest file exists.
2026-10-05 08:58:02.948   Time stamp of existing file: 2026-10-04 22:08:06.000
2026-10-05 08:58:02.948   Installing the file.
2026-10-05 08:58:02.950   Successfully installed the file.
2026-10-05 08:58:02.950   -- File entry --
2026-10-05 08:58:02.950   Dest filename: <project-root>\installer\build\acceptance-20261005-085604-396\Installed FEC-RTTY é\evidence\audit-20261004-r10\physical-noise-probe.cpp
2026-10-05 08:58:02.950   Time stamp of our file: 2026-10-04 22:09:34.000
2026-10-05 08:58:02.950   Dest file exists.
2026-10-05 08:58:02.951   Time stamp of existing file: 2026-10-04 22:09:34.000
2026-10-05 08:58:02.951   Installing the file.
2026-10-05 08:58:02.951   Successfully installed the file.
2026-10-05 08:58:02.953   -- File entry --
2026-10-05 08:58:02.953   Dest filename: <project-root>\installer\build\acceptance-20261005-085604-396\Installed FEC-RTTY é\evidence\audit-20261004-r10\physical-noisy-prefix-rx.json
2026-10-05 08:58:02.953   Time stamp of our file: 2026-10-04 22:10:12.000
2026-10-05 08:58:02.953   Dest file exists.
2026-10-05 08:58:02.953   Time stamp of existing file: 2026-10-04 22:10:12.000
2026-10-05 08:58:02.953   Installing the file.
2026-10-05 08:58:02.954   Successfully installed the file.
2026-10-05 08:58:02.954   -- File entry --
2026-10-05 08:58:02.954   Dest filename: <project-root>\installer\build\acceptance-20261005-085604-396\Installed FEC-RTTY é\evidence\audit-20261004-r10\tight-stop-rx.json
2026-10-05 08:58:02.954   Time stamp of our file: 2026-10-04 22:04:44.000
2026-10-05 08:58:02.954   Dest file exists.
2026-10-05 08:58:02.956   Time stamp of existing file: 2026-10-04 22:04:44.000
2026-10-05 08:58:02.956   Installing the file.
2026-10-05 08:58:02.956   Successfully installed the file.
2026-10-05 08:58:02.957   -- File entry --
2026-10-05 08:58:02.957   Dest filename: <project-root>\installer\build\acceptance-20261005-085604-396\Installed FEC-RTTY é\evidence\audit-20261004-r10\tight-stop-tx.json
2026-10-05 08:58:02.958   Time stamp of our file: 2026-10-04 22:04:42.000
2026-10-05 08:58:02.958   Dest file exists.
2026-10-05 08:58:02.958   Time stamp of existing file: 2026-10-04 22:04:42.000
2026-10-05 08:58:02.958   Installing the file.
2026-10-05 08:58:02.958   Successfully installed the file.
2026-10-05 08:58:02.958   -- File entry --
2026-10-05 08:58:02.960   Dest filename: <project-root>\installer\build\acceptance-20261005-085604-396\Installed FEC-RTTY é\evidence\audit-20261004-r10\tight9-trial1-rx.json
2026-10-05 08:58:02.960   Time stamp of our file: 2026-10-04 22:06:34.000
2026-10-05 08:58:02.960   Dest file exists.
2026-10-05 08:58:02.960   Time stamp of existing file: 2026-10-04 22:06:34.000
2026-10-05 08:58:02.960   Installing the file.
2026-10-05 08:58:02.961   Successfully installed the file.
2026-10-05 08:58:02.961   -- File entry --
2026-10-05 08:58:02.963   Dest filename: <project-root>\installer\build\acceptance-20261005-085604-396\Installed FEC-RTTY é\evidence\audit-20261004-r10\tight9-trial1-tx.json
2026-10-05 08:58:02.963   Time stamp of our file: 2026-10-04 22:06:34.000
2026-10-05 08:58:02.963   Dest file exists.
2026-10-05 08:58:02.963   Time stamp of existing file: 2026-10-04 22:06:34.000
2026-10-05 08:58:02.963   Installing the file.
2026-10-05 08:58:02.964   Successfully installed the file.
2026-10-05 08:58:02.964   -- File entry --
2026-10-05 08:58:02.964   Dest filename: <project-root>\installer\build\acceptance-20261005-085604-396\Installed FEC-RTTY é\evidence\audit-20261004-r10\tight9-trial2-rx.json
2026-10-05 08:58:02.964   Time stamp of our file: 2026-10-04 22:06:44.000
2026-10-05 08:58:02.964   Dest file exists.
2026-10-05 08:58:02.964   Time stamp of existing file: 2026-10-04 22:06:44.000
2026-10-05 08:58:02.964   Installing the file.
2026-10-05 08:58:02.966   Successfully installed the file.
2026-10-05 08:58:02.966   -- File entry --
2026-10-05 08:58:02.966   Dest filename: <project-root>\installer\build\acceptance-20261005-085604-396\Installed FEC-RTTY é\evidence\audit-20261004-r10\tight9-trial2-tx.json
2026-10-05 08:58:02.967   Time stamp of our file: 2026-10-04 22:06:44.000
2026-10-05 08:58:02.967   Dest file exists.
2026-10-05 08:58:02.967   Time stamp of existing file: 2026-10-04 22:06:44.000
2026-10-05 08:58:02.967   Installing the file.
2026-10-05 08:58:02.969   Successfully installed the file.
2026-10-05 08:58:02.969   -- File entry --
2026-10-05 08:58:02.969   Dest filename: <project-root>\installer\build\acceptance-20261005-085604-396\Installed FEC-RTTY é\evidence\audit-20261004-r10\tight9-trial3-rx.json
2026-10-05 08:58:02.969   Time stamp of our file: 2026-10-04 22:06:54.000
2026-10-05 08:58:02.969   Dest file exists.
2026-10-05 08:58:02.969   Time stamp of existing file: 2026-10-04 22:06:54.000
2026-10-05 08:58:02.969   Installing the file.
2026-10-05 08:58:02.970   Successfully installed the file.
2026-10-05 08:58:02.970   -- File entry --
2026-10-05 08:58:02.972   Dest filename: <project-root>\installer\build\acceptance-20261005-085604-396\Installed FEC-RTTY é\evidence\audit-20261004-r10\tight9-trial3-tx.json
2026-10-05 08:58:02.972   Time stamp of our file: 2026-10-04 22:06:54.000
2026-10-05 08:58:02.972   Dest file exists.
2026-10-05 08:58:02.972   Time stamp of existing file: 2026-10-04 22:06:54.000
2026-10-05 08:58:02.972   Installing the file.
2026-10-05 08:58:02.973   Successfully installed the file.
2026-10-05 08:58:02.973   -- File entry --
2026-10-05 08:58:02.973   Dest filename: <project-root>\installer\build\acceptance-20261005-085604-396\Installed FEC-RTTY é\evidence\audit-20261004-r10\timed-cancel.json
2026-10-05 08:58:02.973   Time stamp of our file: 2026-10-04 22:03:52.000
2026-10-05 08:58:02.973   Dest file exists.
2026-10-05 08:58:02.973   Time stamp of existing file: 2026-10-04 22:03:52.000
2026-10-05 08:58:02.973   Installing the file.
2026-10-05 08:58:02.977   Successfully installed the file.
2026-10-05 08:58:02.977   -- File entry --
2026-10-05 08:58:02.977   Dest filename: <project-root>\installer\build\acceptance-20261005-085604-396\Installed FEC-RTTY é\evidence\audit-20261004-r11\exit-20261004-222103-winmm-1-cancelled.json
2026-10-05 08:58:02.978   Time stamp of our file: 2026-10-04 22:21:10.000
2026-10-05 08:58:02.978   Dest file exists.
2026-10-05 08:58:02.978   Time stamp of existing file: 2026-10-04 22:21:10.000
2026-10-05 08:58:02.978   Installing the file.
2026-10-05 08:58:02.979   Successfully installed the file.
2026-10-05 08:58:02.979   -- File entry --
2026-10-05 08:58:02.979   Dest filename: <project-root>\installer\build\acceptance-20261005-085604-396\Installed FEC-RTTY é\evidence\audit-20261004-r11\exit-20261004-222103-winmm-1-completed.json
2026-10-05 08:58:02.981   Time stamp of our file: 2026-10-04 22:21:14.000
2026-10-05 08:58:02.981   Dest file exists.
2026-10-05 08:58:02.981   Time stamp of existing file: 2026-10-04 22:21:14.000
2026-10-05 08:58:02.981   Installing the file.
2026-10-05 08:58:02.982   Successfully installed the file.
2026-10-05 08:58:02.982   -- File entry --
2026-10-05 08:58:02.984   Dest filename: <project-root>\installer\build\acceptance-20261005-085604-396\Installed FEC-RTTY é\evidence\audit-20261004-r11\exit-20261004-222103-winmm-1-idle.json
2026-10-05 08:58:02.984   Time stamp of our file: 2026-10-04 22:21:04.000
2026-10-05 08:58:02.984   Dest file exists.
2026-10-05 08:58:02.984   Time stamp of existing file: 2026-10-04 22:21:04.000
2026-10-05 08:58:02.984   Installing the file.
2026-10-05 08:58:02.985   Successfully installed the file.
2026-10-05 08:58:02.985   -- File entry --
2026-10-05 08:58:02.985   Dest filename: <project-root>\installer\build\acceptance-20261005-085604-396\Installed FEC-RTTY é\evidence\audit-20261004-r11\exit-20261004-222103-winmm-1-not-started.json
2026-10-05 08:58:02.985   Time stamp of our file: 2026-10-04 22:21:06.000
2026-10-05 08:58:02.985   Dest file exists.
2026-10-05 08:58:02.985   Time stamp of existing file: 2026-10-04 22:21:06.000
2026-10-05 08:58:02.985   Installing the file.
2026-10-05 08:58:02.987   Successfully installed the file.
2026-10-05 08:58:02.987   -- File entry --
2026-10-05 08:58:02.988   Dest filename: <project-root>\installer\build\acceptance-20261005-085604-396\Installed FEC-RTTY é\evidence\audit-20261004-r11\exit-20261004-222405-portaudio-5-cancelled.json
2026-10-05 08:58:02.988   Time stamp of our file: 2026-10-04 22:24:10.000
2026-10-05 08:58:02.988   Dest file exists.
2026-10-05 08:58:02.989   Time stamp of existing file: 2026-10-04 22:24:10.000
2026-10-05 08:58:02.989   Installing the file.
2026-10-05 08:58:02.989   Successfully installed the file.
2026-10-05 08:58:02.989   -- File entry --
2026-10-05 08:58:02.989   Dest filename: <project-root>\installer\build\acceptance-20261005-085604-396\Installed FEC-RTTY é\evidence\audit-20261004-r11\exit-20261004-222405-portaudio-5-completed.json
2026-10-05 08:58:02.991   Time stamp of our file: 2026-10-04 22:24:16.000
2026-10-05 08:58:02.991   Dest file exists.
2026-10-05 08:58:02.991   Time stamp of existing file: 2026-10-04 22:24:16.000
2026-10-05 08:58:02.991   Installing the file.
2026-10-05 08:58:02.992   Successfully installed the file.
2026-10-05 08:58:02.992   -- File entry --
2026-10-05 08:58:02.994   Dest filename: <project-root>\installer\build\acceptance-20261005-085604-396\Installed FEC-RTTY é\evidence\audit-20261004-r11\exit-20261004-222405-portaudio-5-idle.json
2026-10-05 08:58:02.994   Time stamp of our file: 2026-10-04 22:24:06.000
2026-10-05 08:58:02.994   Dest file exists.
2026-10-05 08:58:02.994   Time stamp of existing file: 2026-10-04 22:24:06.000
2026-10-05 08:58:02.994   Installing the file.
2026-10-05 08:58:02.996   Successfully installed the file.
2026-10-05 08:58:02.996   -- File entry --
2026-10-05 08:58:02.996   Dest filename: <project-root>\installer\build\acceptance-20261005-085604-396\Installed FEC-RTTY é\evidence\audit-20261004-r11\exit-20261004-222405-portaudio-5-not-started.json
2026-10-05 08:58:02.997   Time stamp of our file: 2026-10-04 22:24:08.000
2026-10-05 08:58:02.997   Dest file exists.
2026-10-05 08:58:02.997   Time stamp of existing file: 2026-10-04 22:24:08.000
2026-10-05 08:58:02.997   Installing the file.
2026-10-05 08:58:02.999   Successfully installed the file.
2026-10-05 08:58:02.999   -- File entry --
2026-10-05 08:58:02.999   Dest filename: <project-root>\installer\build\acceptance-20261005-085604-396\Installed FEC-RTTY é\evidence\audit-20261004-r11\exit-20261004-223413-winmm-1-cancelled.json
2026-10-05 08:58:02.999   Time stamp of our file: 2026-10-04 22:34:18.000
2026-10-05 08:58:02.999   Dest file exists.
2026-10-05 08:58:02.999   Time stamp of existing file: 2026-10-04 22:34:18.000
2026-10-05 08:58:02.999   Installing the file.
2026-10-05 08:58:03.000   Successfully installed the file.
2026-10-05 08:58:03.000   -- File entry --
2026-10-05 08:58:03.002   Dest filename: <project-root>\installer\build\acceptance-20261005-085604-396\Installed FEC-RTTY é\evidence\audit-20261004-r11\exit-20261004-223413-winmm-1-completed.json
2026-10-05 08:58:03.002   Time stamp of our file: 2026-10-04 22:34:24.000
2026-10-05 08:58:03.002   Dest file exists.
2026-10-05 08:58:03.002   Time stamp of existing file: 2026-10-04 22:34:24.000
2026-10-05 08:58:03.002   Installing the file.
2026-10-05 08:58:03.003   Successfully installed the file.
2026-10-05 08:58:03.003   -- File entry --
2026-10-05 08:58:03.003   Dest filename: <project-root>\installer\build\acceptance-20261005-085604-396\Installed FEC-RTTY é\evidence\audit-20261004-r11\exit-20261004-223413-winmm-1-idle.json
2026-10-05 08:58:03.003   Time stamp of our file: 2026-10-04 22:34:14.000
2026-10-05 08:58:03.003   Dest file exists.
2026-10-05 08:58:03.003   Time stamp of existing file: 2026-10-04 22:34:14.000
2026-10-05 08:58:03.003   Installing the file.
2026-10-05 08:58:03.005   Successfully installed the file.
2026-10-05 08:58:03.005   -- File entry --
2026-10-05 08:58:03.006   Dest filename: <project-root>\installer\build\acceptance-20261005-085604-396\Installed FEC-RTTY é\evidence\audit-20261004-r11\exit-20261004-223413-winmm-1-not-started.json
2026-10-05 08:58:03.006   Time stamp of our file: 2026-10-04 22:34:16.000
2026-10-05 08:58:03.006   Dest file exists.
2026-10-05 08:58:03.006   Time stamp of existing file: 2026-10-04 22:34:16.000
2026-10-05 08:58:03.006   Installing the file.
2026-10-05 08:58:03.009   Successfully installed the file.
2026-10-05 08:58:03.009   -- File entry --
2026-10-05 08:58:03.009   Dest filename: <project-root>\installer\build\acceptance-20261005-085604-396\Installed FEC-RTTY é\evidence\audit-20261004-r11\exit-20261004-223425-portaudio-5-cancelled.json
2026-10-05 08:58:03.011   Time stamp of our file: 2026-10-04 22:34:30.000
2026-10-05 08:58:03.011   Dest file exists.
2026-10-05 08:58:03.011   Time stamp of existing file: 2026-10-04 22:34:30.000
2026-10-05 08:58:03.011   Installing the file.
2026-10-05 08:58:03.012   Successfully installed the file.
2026-10-05 08:58:03.012   -- File entry --
2026-10-05 08:58:03.012   Dest filename: <project-root>\installer\build\acceptance-20261005-085604-396\Installed FEC-RTTY é\evidence\audit-20261004-r11\exit-20261004-223425-portaudio-5-completed.json
2026-10-05 08:58:03.014   Time stamp of our file: 2026-10-04 22:34:36.000
2026-10-05 08:58:03.014   Dest file exists.
2026-10-05 08:58:03.014   Time stamp of existing file: 2026-10-04 22:34:36.000
2026-10-05 08:58:03.014   Installing the file.
2026-10-05 08:58:03.015   Successfully installed the file.
2026-10-05 08:58:03.015   -- File entry --
2026-10-05 08:58:03.015   Dest filename: <project-root>\installer\build\acceptance-20261005-085604-396\Installed FEC-RTTY é\evidence\audit-20261004-r11\exit-20261004-223425-portaudio-5-idle.json
2026-10-05 08:58:03.017   Time stamp of our file: 2026-10-04 22:34:26.000
2026-10-05 08:58:03.017   Dest file exists.
2026-10-05 08:58:03.017   Time stamp of existing file: 2026-10-04 22:34:26.000
2026-10-05 08:58:03.017   Installing the file.
2026-10-05 08:58:03.019   Successfully installed the file.
2026-10-05 08:58:03.019   -- File entry --
2026-10-05 08:58:03.020   Dest filename: <project-root>\installer\build\acceptance-20261005-085604-396\Installed FEC-RTTY é\evidence\audit-20261004-r11\exit-20261004-223425-portaudio-5-not-started.json
2026-10-05 08:58:03.020   Time stamp of our file: 2026-10-04 22:34:28.000
2026-10-05 08:58:03.020   Dest file exists.
2026-10-05 08:58:03.020   Time stamp of existing file: 2026-10-04 22:34:28.000
2026-10-05 08:58:03.020   Installing the file.
2026-10-05 08:58:03.021   Successfully installed the file.
2026-10-05 08:58:03.021   -- File entry --
2026-10-05 08:58:03.021   Dest filename: <project-root>\installer\build\acceptance-20261005-085604-396\Installed FEC-RTTY é\evidence\audit-20261004-r11\noise-20261004-222843-winmm-clean-rx.json
2026-10-05 08:58:03.023   Time stamp of our file: 2026-10-04 22:28:56.000
2026-10-05 08:58:03.023   Dest file exists.
2026-10-05 08:58:03.023   Time stamp of existing file: 2026-10-04 22:28:56.000
2026-10-05 08:58:03.023   Installing the file.
2026-10-05 08:58:03.024   Successfully installed the file.
2026-10-05 08:58:03.024   -- File entry --
2026-10-05 08:58:03.024   Dest filename: <project-root>\installer\build\acceptance-20261005-085604-396\Installed FEC-RTTY é\evidence\audit-20261004-r11\noise-20261004-222843-winmm-clean-rx.png
2026-10-05 08:58:03.026   Time stamp of our file: 2026-10-04 22:28:56.000
2026-10-05 08:58:03.026   Dest file exists.
2026-10-05 08:58:03.026   Time stamp of existing file: 2026-10-04 22:28:56.000
2026-10-05 08:58:03.026   Installing the file.
2026-10-05 08:58:03.040   Successfully installed the file.
2026-10-05 08:58:03.041   -- File entry --
2026-10-05 08:58:03.041   Dest filename: <project-root>\installer\build\acceptance-20261005-085604-396\Installed FEC-RTTY é\evidence\audit-20261004-r11\noise-20261004-222843-winmm-continuous-rx.json
2026-10-05 08:58:03.041   Time stamp of our file: 2026-10-04 22:29:08.000
2026-10-05 08:58:03.041   Dest file exists.
2026-10-05 08:58:03.041   Time stamp of existing file: 2026-10-04 22:29:08.000
2026-10-05 08:58:03.041   Installing the file.
2026-10-05 08:58:03.043   Successfully installed the file.
2026-10-05 08:58:03.043   -- File entry --
2026-10-05 08:58:03.044   Dest filename: <project-root>\installer\build\acceptance-20261005-085604-396\Installed FEC-RTTY é\evidence\audit-20261004-r11\noise-20261004-222843-winmm-continuous-rx.png
2026-10-05 08:58:03.046   Time stamp of our file: 2026-10-04 22:29:08.000
2026-10-05 08:58:03.046   Dest file exists.
2026-10-05 08:58:03.046   Time stamp of existing file: 2026-10-04 22:29:08.000
2026-10-05 08:58:03.046   Installing the file.
2026-10-05 08:58:03.056   Successfully installed the file.
2026-10-05 08:58:03.056   -- File entry --
2026-10-05 08:58:03.056   Dest filename: <project-root>\installer\build\acceptance-20261005-085604-396\Installed FEC-RTTY é\evidence\audit-20261004-r11\noise-20261004-223038-portaudio-clean-rx.json
2026-10-05 08:58:03.057   Time stamp of our file: 2026-10-04 22:30:50.000
2026-10-05 08:58:03.057   Dest file exists.
2026-10-05 08:58:03.058   Time stamp of existing file: 2026-10-04 22:30:50.000
2026-10-05 08:58:03.058   Installing the file.
2026-10-05 08:58:03.058   Successfully installed the file.
2026-10-05 08:58:03.058   -- File entry --
2026-10-05 08:58:03.060   Dest filename: <project-root>\installer\build\acceptance-20261005-085604-396\Installed FEC-RTTY é\evidence\audit-20261004-r11\noise-20261004-223038-portaudio-clean-rx.png
2026-10-05 08:58:03.060   Time stamp of our file: 2026-10-04 22:30:50.000
2026-10-05 08:58:03.060   Dest file exists.
2026-10-05 08:58:03.060   Time stamp of existing file: 2026-10-04 22:30:50.000
2026-10-05 08:58:03.060   Installing the file.
2026-10-05 08:58:03.071   Successfully installed the file.
2026-10-05 08:58:03.072   -- File entry --
2026-10-05 08:58:03.072   Dest filename: <project-root>\installer\build\acceptance-20261005-085604-396\Installed FEC-RTTY é\evidence\audit-20261004-r11\noise-20261004-223038-portaudio-continuous-rx.json
2026-10-05 08:58:03.072   Time stamp of our file: 2026-10-04 22:31:04.000
2026-10-05 08:58:03.072   Dest file exists.
2026-10-05 08:58:03.072   Time stamp of existing file: 2026-10-04 22:31:04.000
2026-10-05 08:58:03.072   Installing the file.
2026-10-05 08:58:03.074   Successfully installed the file.
2026-10-05 08:58:03.074   -- File entry --
2026-10-05 08:58:03.075   Dest filename: <project-root>\installer\build\acceptance-20261005-085604-396\Installed FEC-RTTY é\evidence\audit-20261004-r11\noise-20261004-223038-portaudio-continuous-rx.png
2026-10-05 08:58:03.075   Time stamp of our file: 2026-10-04 22:31:04.000
2026-10-05 08:58:03.075   Dest file exists.
2026-10-05 08:58:03.075   Time stamp of existing file: 2026-10-04 22:31:04.000
2026-10-05 08:58:03.075   Installing the file.
2026-10-05 08:58:03.085   Successfully installed the file.
2026-10-05 08:58:03.085   -- File entry --
2026-10-05 08:58:03.086   Dest filename: <project-root>\installer\build\acceptance-20261005-085604-396\Installed FEC-RTTY é\evidence\audit-20261004-r11\portaudio-20261004-223304-direction-0-rx.json
2026-10-05 08:58:03.086   Time stamp of our file: 2026-10-04 22:33:20.000
2026-10-05 08:58:03.086   Dest file exists.
2026-10-05 08:58:03.086   Time stamp of existing file: 2026-10-04 22:33:20.000
2026-10-05 08:58:03.086   Installing the file.
2026-10-05 08:58:03.088   Successfully installed the file.
2026-10-05 08:58:03.088   -- File entry --
2026-10-05 08:58:03.089   Dest filename: <project-root>\installer\build\acceptance-20261005-085604-396\Installed FEC-RTTY é\evidence\audit-20261004-r11\portaudio-20261004-223304-direction-0-rx.png
2026-10-05 08:58:03.089   Time stamp of our file: 2026-10-04 22:33:20.000
2026-10-05 08:58:03.089   Dest file exists.
2026-10-05 08:58:03.089   Time stamp of existing file: 2026-10-04 22:33:20.000
2026-10-05 08:58:03.089   Installing the file.
2026-10-05 08:58:03.105   Successfully installed the file.
2026-10-05 08:58:03.105   -- File entry --
2026-10-05 08:58:03.105   Dest filename: <project-root>\installer\build\acceptance-20261005-085604-396\Installed FEC-RTTY é\evidence\audit-20261004-r11\portaudio-20261004-223304-direction-0-tx.json
2026-10-05 08:58:03.105   Time stamp of our file: 2026-10-04 22:33:14.000
2026-10-05 08:58:03.105   Dest file exists.
2026-10-05 08:58:03.105   Time stamp of existing file: 2026-10-04 22:33:14.000
2026-10-05 08:58:03.105   Installing the file.
2026-10-05 08:58:03.107   Successfully installed the file.
2026-10-05 08:58:03.107   -- File entry --
2026-10-05 08:58:03.109   Dest filename: <project-root>\installer\build\acceptance-20261005-085604-396\Installed FEC-RTTY é\evidence\audit-20261004-r11\portaudio-20261004-223304-direction-1-rx.json
2026-10-05 08:58:03.109   Time stamp of our file: 2026-10-04 22:33:36.000
2026-10-05 08:58:03.109   Dest file exists.
2026-10-05 08:58:03.109   Time stamp of existing file: 2026-10-04 22:33:36.000
2026-10-05 08:58:03.109   Installing the file.
2026-10-05 08:58:03.111   Successfully installed the file.
2026-10-05 08:58:03.111   -- File entry --
2026-10-05 08:58:03.111   Dest filename: <project-root>\installer\build\acceptance-20261005-085604-396\Installed FEC-RTTY é\evidence\audit-20261004-r11\portaudio-20261004-223304-direction-1-rx.png
2026-10-05 08:58:03.111   Time stamp of our file: 2026-10-04 22:33:36.000
2026-10-05 08:58:03.111   Dest file exists.
2026-10-05 08:58:03.111   Time stamp of existing file: 2026-10-04 22:33:36.000
2026-10-05 08:58:03.112   Installing the file.
2026-10-05 08:58:03.124   Successfully installed the file.
2026-10-05 08:58:03.124   -- File entry --
2026-10-05 08:58:03.126   Dest filename: <project-root>\installer\build\acceptance-20261005-085604-396\Installed FEC-RTTY é\evidence\audit-20261004-r11\portaudio-20261004-223304-direction-1-tx.json
2026-10-05 08:58:03.126   Time stamp of our file: 2026-10-04 22:33:28.000
2026-10-05 08:58:03.126   Dest file exists.
2026-10-05 08:58:03.126   Time stamp of existing file: 2026-10-04 22:33:28.000
2026-10-05 08:58:03.126   Installing the file.
2026-10-05 08:58:03.127   Successfully installed the file.
2026-10-05 08:58:03.127   -- File entry --
2026-10-05 08:58:03.127   Dest filename: <project-root>\installer\build\acceptance-20261005-085604-396\Installed FEC-RTTY é\evidence\audit-20261004-r11\waterfall-large-font-test.png
2026-10-05 08:58:03.127   Time stamp of our file: 2026-10-04 22:32:04.000
2026-10-05 08:58:03.127   Dest file exists.
2026-10-05 08:58:03.127   Time stamp of existing file: 2026-10-04 22:32:04.000
2026-10-05 08:58:03.127   Installing the file.
2026-10-05 08:58:03.131   Successfully installed the file.
2026-10-05 08:58:03.131   -- File entry --
2026-10-05 08:58:03.131   Dest filename: <project-root>\installer\build\acceptance-20261005-085604-396\Installed FEC-RTTY é\evidence\audit-20261004-r11\waterfall-widget-test.png
2026-10-05 08:58:03.131   Time stamp of our file: 2026-10-04 22:32:04.000
2026-10-05 08:58:03.131   Dest file exists.
2026-10-05 08:58:03.131   Time stamp of existing file: 2026-10-04 22:32:04.000
2026-10-05 08:58:03.131   Installing the file.
2026-10-05 08:58:03.134   Successfully installed the file.
2026-10-05 08:58:03.134   -- File entry --
2026-10-05 08:58:03.134   Dest filename: <project-root>\installer\build\acceptance-20261005-085604-396\Installed FEC-RTTY é\evidence\audit-20261004-r11\winmm-20261004-223232-direction-0-rx.json
2026-10-05 08:58:03.135   Time stamp of our file: 2026-10-04 22:32:48.000
2026-10-05 08:58:03.135   Dest file exists.
2026-10-05 08:58:03.135   Time stamp of existing file: 2026-10-04 22:32:48.000
2026-10-05 08:58:03.135   Installing the file.
2026-10-05 08:58:03.137   Successfully installed the file.
2026-10-05 08:58:03.137   -- File entry --
2026-10-05 08:58:03.137   Dest filename: <project-root>\installer\build\acceptance-20261005-085604-396\Installed FEC-RTTY é\evidence\audit-20261004-r11\winmm-20261004-223232-direction-0-rx.png
2026-10-05 08:58:03.137   Time stamp of our file: 2026-10-04 22:32:48.000
2026-10-05 08:58:03.137   Dest file exists.
2026-10-05 08:58:03.138   Time stamp of existing file: 2026-10-04 22:32:48.000
2026-10-05 08:58:03.138   Installing the file.
2026-10-05 08:58:03.153   Successfully installed the file.
2026-10-05 08:58:03.153   -- File entry --
2026-10-05 08:58:03.153   Dest filename: <project-root>\installer\build\acceptance-20261005-085604-396\Installed FEC-RTTY é\evidence\audit-20261004-r11\winmm-20261004-223232-direction-0-tx.json
2026-10-05 08:58:03.155   Time stamp of our file: 2026-10-04 22:32:42.000
2026-10-05 08:58:03.155   Dest file exists.
2026-10-05 08:58:03.155   Time stamp of existing file: 2026-10-04 22:32:42.000
2026-10-05 08:58:03.155   Installing the file.
2026-10-05 08:58:03.156   Successfully installed the file.
2026-10-05 08:58:03.156   -- File entry --
2026-10-05 08:58:03.156   Dest filename: <project-root>\installer\build\acceptance-20261005-085604-396\Installed FEC-RTTY é\evidence\audit-20261004-r11\winmm-20261004-223232-direction-1-rx.json
2026-10-05 08:58:03.156   Time stamp of our file: 2026-10-04 22:33:02.000
2026-10-05 08:58:03.156   Dest file exists.
2026-10-05 08:58:03.156   Time stamp of existing file: 2026-10-04 22:33:02.000
2026-10-05 08:58:03.156   Installing the file.
2026-10-05 08:58:03.159   Successfully installed the file.
2026-10-05 08:58:03.159   -- File entry --
2026-10-05 08:58:03.159   Dest filename: <project-root>\installer\build\acceptance-20261005-085604-396\Installed FEC-RTTY é\evidence\audit-20261004-r11\winmm-20261004-223232-direction-1-rx.png
2026-10-05 08:58:03.159   Time stamp of our file: 2026-10-04 22:33:02.000
2026-10-05 08:58:03.159   Dest file exists.
2026-10-05 08:58:03.159   Time stamp of existing file: 2026-10-04 22:33:02.000
2026-10-05 08:58:03.159   Installing the file.
2026-10-05 08:58:03.172   Successfully installed the file.
2026-10-05 08:58:03.174   -- File entry --
2026-10-05 08:58:03.174   Dest filename: <project-root>\installer\build\acceptance-20261005-085604-396\Installed FEC-RTTY é\evidence\audit-20261004-r11\winmm-20261004-223232-direction-1-tx.json
2026-10-05 08:58:03.176   Time stamp of our file: 2026-10-04 22:32:56.000
2026-10-05 08:58:03.176   Dest file exists.
2026-10-05 08:58:03.176   Time stamp of existing file: 2026-10-04 22:32:56.000
2026-10-05 08:58:03.176   Installing the file.
2026-10-05 08:58:03.177   Successfully installed the file.
2026-10-05 08:58:03.177   -- File entry --
2026-10-05 08:58:03.177   Dest filename: <project-root>\installer\build\acceptance-20261005-085604-396\Installed FEC-RTTY é\evidence\legacy-build-runtime\run-v033-long.ps1
2026-10-05 08:58:03.177   Time stamp of our file: 2026-10-03 22:18:50.000
2026-10-05 08:58:03.177   Dest file exists.
2026-10-05 08:58:03.177   Time stamp of existing file: 2026-10-03 22:18:50.000
2026-10-05 08:58:03.177   Installing the file.
2026-10-05 08:58:03.180   Successfully installed the file.
2026-10-05 08:58:03.180   -- File entry --
2026-10-05 08:58:03.180   Dest filename: <project-root>\installer\build\acceptance-20261005-085604-396\Installed FEC-RTTY é\extras\VBCABLE_Driver_Pack45.zip
2026-10-05 08:58:03.180   Time stamp of our file: 2026-10-05 08:24:32.000
2026-10-05 08:58:03.180   Dest file exists.
2026-10-05 08:58:03.180   Time stamp of existing file: 2026-10-05 08:24:32.000
2026-10-05 08:58:03.180   Installing the file.
2026-10-05 08:58:03.231   Successfully installed the file.
2026-10-05 08:58:03.231   -- File entry --
2026-10-05 08:58:03.232   Dest filename: <project-root>\installer\build\acceptance-20261005-085604-396\Installed FEC-RTTY é\gui\D3Dcompiler_47.dll
2026-10-05 08:58:03.232   Time stamp of our file: 2014-03-11 11:54:32.000
2026-10-05 08:58:03.232   Dest file exists.
2026-10-05 08:58:03.232   Time stamp of existing file: 2014-03-11 11:54:32.000
2026-10-05 08:58:03.232   Installing the file.
2026-10-05 08:58:03.374   Successfully installed the file.
2026-10-05 08:58:03.374   -- File entry --
2026-10-05 08:58:03.374   Dest filename: <project-root>\installer\build\acceptance-20261005-085604-396\Installed FEC-RTTY é\gui\fectty-audit-tests.exe
2026-10-05 08:58:03.376   Time stamp of our file: 2026-10-04 22:26:42.000
2026-10-05 08:58:03.376   Dest file exists.
2026-10-05 08:58:03.376   Time stamp of existing file: 2026-10-04 22:26:42.000
2026-10-05 08:58:03.376   Installing the file.
2026-10-05 08:58:03.389   Successfully installed the file.
2026-10-05 08:58:03.389   -- File entry --
2026-10-05 08:58:03.389   Dest filename: <project-root>\installer\build\acceptance-20261005-085604-396\Installed FEC-RTTY é\gui\fectty-gui-text-tests.exe
2026-10-05 08:58:03.390   Time stamp of our file: 2026-10-04 19:53:04.000
2026-10-05 08:58:03.390   Dest file exists.
2026-10-05 08:58:03.390   Time stamp of existing file: 2026-10-04 19:53:04.000
2026-10-05 08:58:03.390   Installing the file.
2026-10-05 08:58:03.393   Successfully installed the file.
2026-10-05 08:58:03.393   -- File entry --
2026-10-05 08:58:03.393   Dest filename: <project-root>\installer\build\acceptance-20261005-085604-396\Installed FEC-RTTY é\gui\fectty-gui.exe
2026-10-05 08:58:03.395   Time stamp of our file: 2026-10-04 22:23:44.000
2026-10-05 08:58:03.395   Dest file exists.
2026-10-05 08:58:03.395   Time stamp of existing file: 2026-10-04 22:23:44.000
2026-10-05 08:58:03.395   Installing the file.
2026-10-05 08:58:03.434   Successfully installed the file.
2026-10-05 08:58:03.435   -- File entry --
2026-10-05 08:58:03.435   Dest filename: <project-root>\installer\build\acceptance-20261005-085604-396\Installed FEC-RTTY é\gui\fectty-noise-prefix-bench.exe
2026-10-05 08:58:03.435   Time stamp of our file: 2026-10-04 22:26:50.000
2026-10-05 08:58:03.435   Dest file exists.
2026-10-05 08:58:03.435   Time stamp of existing file: 2026-10-04 22:26:50.000
2026-10-05 08:58:03.435   Installing the file.
2026-10-05 08:58:03.442   Successfully installed the file.
2026-10-05 08:58:03.442   -- File entry --
2026-10-05 08:58:03.442   Dest filename: <project-root>\installer\build\acceptance-20261005-085604-396\Installed FEC-RTTY é\gui\fectty-portaudio-smoke.exe
2026-10-05 08:58:03.442   Time stamp of our file: 2026-10-04 22:26:52.000
2026-10-05 08:58:03.442   Dest file exists.
2026-10-05 08:58:03.442   Time stamp of existing file: 2026-10-04 22:26:52.000
2026-10-05 08:58:03.444   Installing the file.
2026-10-05 08:58:03.450   Successfully installed the file.
2026-10-05 08:58:03.450   -- File entry --
2026-10-05 08:58:03.450   Dest filename: <project-root>\installer\build\acceptance-20261005-085604-396\Installed FEC-RTTY é\gui\fectty-tests.exe
2026-10-05 08:58:03.450   Time stamp of our file: 2026-10-04 22:26:36.000
2026-10-05 08:58:03.450   Dest file exists.
2026-10-05 08:58:03.450   Time stamp of existing file: 2026-10-04 22:26:36.000
2026-10-05 08:58:03.450   Installing the file.
2026-10-05 08:58:03.470   Successfully installed the file.
2026-10-05 08:58:03.470   -- File entry --
2026-10-05 08:58:03.470   Dest filename: <project-root>\installer\build\acceptance-20261005-085604-396\Installed FEC-RTTY é\gui\fectty-waterfall-tests.exe
2026-10-05 08:58:03.471   Time stamp of our file: 2026-10-04 22:26:44.000
2026-10-05 08:58:03.471   Dest file exists.
2026-10-05 08:58:03.471   Time stamp of existing file: 2026-10-04 22:26:44.000
2026-10-05 08:58:03.471   Installing the file.
2026-10-05 08:58:03.491   Successfully installed the file.
2026-10-05 08:58:03.491   -- File entry --
2026-10-05 08:58:03.491   Dest filename: <project-root>\installer\build\acceptance-20261005-085604-396\Installed FEC-RTTY é\gui\libgcc_s_seh-1.dll
2026-10-05 08:58:03.493   Time stamp of our file: 2025-08-09 08:54:10.000
2026-10-05 08:58:03.493   Dest file exists.
2026-10-05 08:58:03.493   Time stamp of existing file: 2025-08-09 08:54:10.000
2026-10-05 08:58:03.493   Installing the file.
2026-10-05 08:58:03.501   Successfully installed the file.
2026-10-05 08:58:03.501   -- File entry --
2026-10-05 08:58:03.501   Dest filename: <project-root>\installer\build\acceptance-20261005-085604-396\Installed FEC-RTTY é\gui\libportaudio.dll
2026-10-05 08:58:03.501   Time stamp of our file: 2022-01-28 13:13:12.000
2026-10-05 08:58:03.501   Dest file exists.
2026-10-05 08:58:03.503   Time stamp of existing file: 2022-01-28 13:13:12.000
2026-10-05 08:58:03.503   Installing the file.
2026-10-05 08:58:03.512   Successfully installed the file.
2026-10-05 08:58:03.512   -- File entry --
2026-10-05 08:58:03.512   Dest filename: <project-root>\installer\build\acceptance-20261005-085604-396\Installed FEC-RTTY é\gui\libstdc++-6.dll
2026-10-05 08:58:03.513   Time stamp of our file: 2025-08-09 08:54:10.000
2026-10-05 08:58:03.513   Dest file exists.
2026-10-05 08:58:03.513   Time stamp of existing file: 2025-08-09 08:54:10.000
2026-10-05 08:58:03.513   Installing the file.
2026-10-05 08:58:03.591   Successfully installed the file.
2026-10-05 08:58:03.591   -- File entry --
2026-10-05 08:58:03.591   Dest filename: <project-root>\installer\build\acceptance-20261005-085604-396\Installed FEC-RTTY é\gui\libwinpthread-1.dll
2026-10-05 08:58:03.591   Time stamp of our file: 2025-11-25 10:55:26.000
2026-10-05 08:58:03.591   Dest file exists.
2026-10-05 08:58:03.591   Time stamp of existing file: 2025-11-25 10:55:26.000
2026-10-05 08:58:03.591   Installing the file.
2026-10-05 08:58:03.597   Successfully installed the file.
2026-10-05 08:58:03.597   -- File entry --
2026-10-05 08:58:03.597   Dest filename: <project-root>\installer\build\acceptance-20261005-085604-396\Installed FEC-RTTY é\gui\opengl32sw.dll
2026-10-05 08:58:03.597   Time stamp of our file: 2022-11-28 14:04:26.000
2026-10-05 08:58:03.597   Dest file exists.
2026-10-05 08:58:03.597   Time stamp of existing file: 2022-11-28 14:04:26.000
2026-10-05 08:58:03.597   Installing the file.
2026-10-05 08:58:04.173   Successfully installed the file.
2026-10-05 08:58:04.173   -- File entry --
2026-10-05 08:58:04.173   Dest filename: <project-root>\installer\build\acceptance-20261005-085604-396\Installed FEC-RTTY é\gui\Qt6Core.dll
2026-10-05 08:58:04.173   Time stamp of our file: 2025-03-17 15:16:56.000
2026-10-05 08:58:04.173   Dest file exists.
2026-10-05 08:58:04.173   Time stamp of existing file: 2025-03-17 15:16:56.000
2026-10-05 08:58:04.173   Installing the file.
2026-10-05 08:58:04.407   Successfully installed the file.
2026-10-05 08:58:04.407   -- File entry --
2026-10-05 08:58:04.407   Dest filename: <project-root>\installer\build\acceptance-20261005-085604-396\Installed FEC-RTTY é\gui\Qt6Gui.dll
2026-10-05 08:58:04.407   Time stamp of our file: 2025-03-17 15:17:00.000
2026-10-05 08:58:04.407   Dest file exists.
2026-10-05 08:58:04.407   Time stamp of existing file: 2025-03-17 15:17:00.000
2026-10-05 08:58:04.407   Installing the file.
2026-10-05 08:58:04.792   Successfully installed the file.
2026-10-05 08:58:04.792   -- File entry --
2026-10-05 08:58:04.792   Dest filename: <project-root>\installer\build\acceptance-20261005-085604-396\Installed FEC-RTTY é\gui\Qt6Network.dll
2026-10-05 08:58:04.792   Time stamp of our file: 2025-03-17 15:17:04.000
2026-10-05 08:58:04.792   Dest file exists.
2026-10-05 08:58:04.792   Time stamp of existing file: 2025-03-17 15:17:04.000
2026-10-05 08:58:04.792   Installing the file.
2026-10-05 08:58:04.864   Successfully installed the file.
2026-10-05 08:58:04.864   -- File entry --
2026-10-05 08:58:04.864   Dest filename: <project-root>\installer\build\acceptance-20261005-085604-396\Installed FEC-RTTY é\gui\Qt6Svg.dll
2026-10-05 08:58:04.864   Time stamp of our file: 2025-03-18 04:47:22.000
2026-10-05 08:58:04.864   Dest file exists.
2026-10-05 08:58:04.865   Time stamp of existing file: 2025-03-18 04:47:22.000
2026-10-05 08:58:04.865   Installing the file.
2026-10-05 08:58:04.882   Successfully installed the file.
2026-10-05 08:58:04.882   -- File entry --
2026-10-05 08:58:04.882   Dest filename: <project-root>\installer\build\acceptance-20261005-085604-396\Installed FEC-RTTY é\gui\Qt6Widgets.dll
2026-10-05 08:58:04.883   Time stamp of our file: 2025-03-17 15:17:14.000
2026-10-05 08:58:04.883   Installing the file.
2026-10-05 08:58:05.110   Successfully installed the file.
2026-10-05 08:58:05.110   -- File entry --
2026-10-05 08:58:05.110   Dest filename: <project-root>\installer\build\acceptance-20261005-085604-396\Installed FEC-RTTY é\gui\generic\qtuiotouchplugin.dll
2026-10-05 08:58:05.112   Time stamp of our file: 2025-03-17 15:18:02.000
2026-10-05 08:58:05.112   Dest file exists.
2026-10-05 08:58:05.112   Time stamp of existing file: 2025-03-17 15:18:02.000
2026-10-05 08:58:05.112   Installing the file.
2026-10-05 08:58:05.117   Successfully installed the file.
2026-10-05 08:58:05.117   -- File entry --
2026-10-05 08:58:05.117   Dest filename: <project-root>\installer\build\acceptance-20261005-085604-396\Installed FEC-RTTY é\gui\iconengines\qsvgicon.dll
2026-10-05 08:58:05.117   Time stamp of our file: 2025-03-18 04:47:26.000
2026-10-05 08:58:05.117   Dest file exists.
2026-10-05 08:58:05.117   Time stamp of existing file: 2025-03-18 04:47:26.000
2026-10-05 08:58:05.117   Installing the file.
2026-10-05 08:58:05.122   Successfully installed the file.
2026-10-05 08:58:05.122   -- File entry --
2026-10-05 08:58:05.122   Dest filename: <project-root>\installer\build\acceptance-20261005-085604-396\Installed FEC-RTTY é\gui\imageformats\qgif.dll
2026-10-05 08:58:05.124   Time stamp of our file: 2025-03-17 15:18:04.000
2026-10-05 08:58:05.124   Dest file exists.
2026-10-05 08:58:05.124   Time stamp of existing file: 2025-03-17 15:18:04.000
2026-10-05 08:58:05.124   Installing the file.
2026-10-05 08:58:05.128   Successfully installed the file.
2026-10-05 08:58:05.128   -- File entry --
2026-10-05 08:58:05.128   Dest filename: <project-root>\installer\build\acceptance-20261005-085604-396\Installed FEC-RTTY é\gui\imageformats\qico.dll
2026-10-05 08:58:05.130   Time stamp of our file: 2025-03-17 15:18:06.000
2026-10-05 08:58:05.130   Dest file exists.
2026-10-05 08:58:05.130   Time stamp of existing file: 2025-03-17 15:18:06.000
2026-10-05 08:58:05.130   Installing the file.
2026-10-05 08:58:05.131   Successfully installed the file.
2026-10-05 08:58:05.133   -- File entry --
2026-10-05 08:58:05.133   Dest filename: <project-root>\installer\build\acceptance-20261005-085604-396\Installed FEC-RTTY é\gui\imageformats\qjpeg.dll
2026-10-05 08:58:05.133   Time stamp of our file: 2025-03-17 15:18:08.000
2026-10-05 08:58:05.133   Dest file exists.
2026-10-05 08:58:05.133   Time stamp of existing file: 2025-03-17 15:18:08.000
2026-10-05 08:58:05.133   Installing the file.
2026-10-05 08:58:05.153   Successfully installed the file.
2026-10-05 08:58:05.153   -- File entry --
2026-10-05 08:58:05.154   Dest filename: <project-root>\installer\build\acceptance-20261005-085604-396\Installed FEC-RTTY é\gui\imageformats\qsvg.dll
2026-10-05 08:58:05.154   Time stamp of our file: 2025-03-18 04:47:26.000
2026-10-05 08:58:05.154   Dest file exists.
2026-10-05 08:58:05.154   Time stamp of existing file: 2025-03-18 04:47:26.000
2026-10-05 08:58:05.154   Installing the file.
2026-10-05 08:58:05.156   Successfully installed the file.
2026-10-05 08:58:05.156   -- File entry --
2026-10-05 08:58:05.157   Dest filename: <project-root>\installer\build\acceptance-20261005-085604-396\Installed FEC-RTTY é\gui\networkinformation\qnetworklistmanager.dll
2026-10-05 08:58:05.157   Time stamp of our file: 2025-03-17 15:18:10.000
2026-10-05 08:58:05.157   Dest file exists.
2026-10-05 08:58:05.157   Time stamp of existing file: 2025-03-17 15:18:10.000
2026-10-05 08:58:05.157   Installing the file.
2026-10-05 08:58:05.162   Successfully installed the file.
2026-10-05 08:58:05.163   -- File entry --
2026-10-05 08:58:05.163   Dest filename: <project-root>\installer\build\acceptance-20261005-085604-396\Installed FEC-RTTY é\gui\platforms\qwindows.dll
2026-10-05 08:58:05.163   Time stamp of our file: 2025-03-17 15:18:18.000
2026-10-05 08:58:05.163   Dest file exists.
2026-10-05 08:58:05.163   Time stamp of existing file: 2025-03-17 15:18:18.000
2026-10-05 08:58:05.163   Installing the file.
2026-10-05 08:58:05.199   Successfully installed the file.
2026-10-05 08:58:05.199   -- File entry --
2026-10-05 08:58:05.199   Dest filename: <project-root>\installer\build\acceptance-20261005-085604-396\Installed FEC-RTTY é\gui\styles\qmodernwindowsstyle.dll
2026-10-05 08:58:05.199   Time stamp of our file: 2025-03-17 15:18:26.000
2026-10-05 08:58:05.201   Dest file exists.
2026-10-05 08:58:05.201   Time stamp of existing file: 2025-03-17 15:18:26.000
2026-10-05 08:58:05.201   Installing the file.
2026-10-05 08:58:05.212   Successfully installed the file.
2026-10-05 08:58:05.212   -- File entry --
2026-10-05 08:58:05.212   Dest filename: <project-root>\installer\build\acceptance-20261005-085604-396\Installed FEC-RTTY é\gui\tls\qcertonlybackend.dll
2026-10-05 08:58:05.212   Time stamp of our file: 2025-03-17 15:18:28.000
2026-10-05 08:58:05.212   Dest file exists.
2026-10-05 08:58:05.212   Time stamp of existing file: 2025-03-17 15:18:28.000
2026-10-05 08:58:05.212   Installing the file.
2026-10-05 08:58:05.219   Successfully installed the file.
2026-10-05 08:58:05.219   -- File entry --
2026-10-05 08:58:05.219   Dest filename: <project-root>\installer\build\acceptance-20261005-085604-396\Installed FEC-RTTY é\gui\tls\qschannelbackend.dll
2026-10-05 08:58:05.219   Time stamp of our file: 2025-03-17 15:18:32.000
2026-10-05 08:58:05.219   Dest file exists.
2026-10-05 08:58:05.219   Time stamp of existing file: 2025-03-17 15:18:32.000
2026-10-05 08:58:05.219   Installing the file.
2026-10-05 08:58:05.229   Successfully installed the file.
2026-10-05 08:58:05.229   -- File entry --
2026-10-05 08:58:05.229   Dest filename: <project-root>\installer\build\acceptance-20261005-085604-396\Installed FEC-RTTY é\installer\build-installer.ps1
2026-10-05 08:58:05.229   Time stamp of our file: 2026-10-05 08:53:06.000
2026-10-05 08:58:05.229   Dest file exists.
2026-10-05 08:58:05.229   Time stamp of existing file: 2026-10-05 08:53:06.000
2026-10-05 08:58:05.230   Installing the file.
2026-10-05 08:58:05.231   Successfully installed the file.
2026-10-05 08:58:05.231   -- File entry --
2026-10-05 08:58:05.231   Dest filename: <project-root>\installer\build\acceptance-20261005-085604-396\Installed FEC-RTTY é\installer\fec-rtty.iss
2026-10-05 08:58:05.231   Time stamp of our file: 2026-10-05 08:53:06.000
2026-10-05 08:58:05.231   Dest file exists.
2026-10-05 08:58:05.233   Time stamp of existing file: 2026-10-05 08:53:06.000
2026-10-05 08:58:05.233   Installing the file.
2026-10-05 08:58:05.234   Successfully installed the file.
2026-10-05 08:58:05.234   -- File entry --
2026-10-05 08:58:05.234   Dest filename: <project-root>\installer\build\acceptance-20261005-085604-396\Installed FEC-RTTY é\installer\README.html
2026-10-05 08:58:05.234   Time stamp of our file: 2026-10-05 08:55:34.000
2026-10-05 08:58:05.234   Dest file exists.
2026-10-05 08:58:05.234   Time stamp of existing file: 2026-10-05 08:55:34.000
2026-10-05 08:58:05.234   Installing the file.
2026-10-05 08:58:05.237   Successfully installed the file.
2026-10-05 08:58:05.237   -- File entry --
2026-10-05 08:58:05.237   Dest filename: <project-root>\installer\build\acceptance-20261005-085604-396\Installed FEC-RTTY é\installer\README.md
2026-10-05 08:58:05.237   Time stamp of our file: 2026-10-05 08:40:48.000
2026-10-05 08:58:05.237   Dest file exists.
2026-10-05 08:58:05.237   Time stamp of existing file: 2026-10-05 08:40:48.000
2026-10-05 08:58:05.237   Installing the file.
2026-10-05 08:58:05.241   Successfully installed the file.
2026-10-05 08:58:05.241   -- File entry --
2026-10-05 08:58:05.241   Dest filename: <project-root>\installer\build\acceptance-20261005-085604-396\Installed FEC-RTTY é\installer\test-installer.ps1
2026-10-05 08:58:05.243   Time stamp of our file: 2026-10-05 08:50:44.000
2026-10-05 08:58:05.243   Dest file exists.
2026-10-05 08:58:05.243   Time stamp of existing file: 2026-10-05 08:50:44.000
2026-10-05 08:58:05.243   Installing the file.
2026-10-05 08:58:05.252   Successfully installed the file.
2026-10-05 08:58:05.252   -- File entry --
2026-10-05 08:58:05.252   Dest filename: <project-root>\installer\build\acceptance-20261005-085604-396\Installed FEC-RTTY é\installer\THIRD_PARTY_NOTICES.html
2026-10-05 08:58:05.252   Time stamp of our file: 2026-10-05 08:55:34.000
2026-10-05 08:58:05.252   Dest file exists.
2026-10-05 08:58:05.252   Time stamp of existing file: 2026-10-05 08:55:34.000
2026-10-05 08:58:05.252   Installing the file.
2026-10-05 08:58:05.253   Successfully installed the file.
2026-10-05 08:58:05.253   -- File entry --
2026-10-05 08:58:05.255   Dest filename: <project-root>\installer\build\acceptance-20261005-085604-396\Installed FEC-RTTY é\installer\THIRD_PARTY_NOTICES.md
2026-10-05 08:58:05.255   Time stamp of our file: 2026-10-05 08:35:26.000
2026-10-05 08:58:05.255   Dest file exists.
2026-10-05 08:58:05.255   Time stamp of existing file: 2026-10-05 08:35:26.000
2026-10-05 08:58:05.255   Installing the file.
2026-10-05 08:58:05.256   Successfully installed the file.
2026-10-05 08:58:05.258   -- File entry --
2026-10-05 08:58:05.258   Dest filename: <project-root>\installer\build\acceptance-20261005-085604-396\Installed FEC-RTTY é\installer\resources\BEFORE_INSTALL.txt
2026-10-05 08:58:05.260   Time stamp of our file: 2026-10-05 08:53:06.000
2026-10-05 08:58:05.260   Dest file exists.
2026-10-05 08:58:05.260   Time stamp of existing file: 2026-10-05 08:53:06.000
2026-10-05 08:58:05.260   Installing the file.
2026-10-05 08:58:05.264   Successfully installed the file.
2026-10-05 08:58:05.264   -- File entry --
2026-10-05 08:58:05.264   Dest filename: <project-root>\installer\build\acceptance-20261005-085604-396\Installed FEC-RTTY é\installer\resources\START_HERE.html
2026-10-05 08:58:05.264   Time stamp of our file: 2026-10-05 08:35:26.000
2026-10-05 08:58:05.264   Dest file exists.
2026-10-05 08:58:05.264   Time stamp of existing file: 2026-10-05 08:35:26.000
2026-10-05 08:58:05.264   Installing the file.
2026-10-05 08:58:05.267   Successfully installed the file.
2026-10-05 08:58:05.267   -- File entry --
2026-10-05 08:58:05.267   Dest filename: <project-root>\installer\build\acceptance-20261005-085604-396\Installed FEC-RTTY é\licenses\THIRD_PARTY_NOTICES.html
2026-10-05 08:58:05.267   Time stamp of our file: 2026-10-05 08:55:34.000
2026-10-05 08:58:05.267   Dest file exists.
2026-10-05 08:58:05.267   Time stamp of existing file: 2026-10-05 08:55:34.000
2026-10-05 08:58:05.267   Installing the file.
2026-10-05 08:58:05.270   Successfully installed the file.
2026-10-05 08:58:05.270   -- File entry --
2026-10-05 08:58:05.270   Dest filename: <project-root>\installer\build\acceptance-20261005-085604-396\Installed FEC-RTTY é\licenses\THIRD_PARTY_NOTICES.md
2026-10-05 08:58:05.270   Time stamp of our file: 2026-10-05 08:35:26.000
2026-10-05 08:58:05.270   Dest file exists.
2026-10-05 08:58:05.270   Time stamp of existing file: 2026-10-05 08:35:26.000
2026-10-05 08:58:05.270   Installing the file.
2026-10-05 08:58:05.271   Successfully installed the file.
2026-10-05 08:58:05.271   -- File entry --
2026-10-05 08:58:05.271   Dest filename: <project-root>\installer\build\acceptance-20261005-085604-396\Installed FEC-RTTY é\licenses\gcc\COPYING.LIB
2026-10-05 08:58:05.273   Time stamp of our file: 2025-08-09 08:54:10.000
2026-10-05 08:58:05.273   Dest file exists.
2026-10-05 08:58:05.273   Time stamp of existing file: 2025-08-09 08:54:10.000
2026-10-05 08:58:05.273   Installing the file.
2026-10-05 08:58:05.277   Successfully installed the file.
2026-10-05 08:58:05.279   -- File entry --
2026-10-05 08:58:05.279   Dest filename: <project-root>\installer\build\acceptance-20261005-085604-396\Installed FEC-RTTY é\licenses\gcc\COPYING.RUNTIME
2026-10-05 08:58:05.279   Time stamp of our file: 2025-08-09 08:54:10.000
2026-10-05 08:58:05.279   Dest file exists.
2026-10-05 08:58:05.279   Time stamp of existing file: 2025-08-09 08:54:10.000
2026-10-05 08:58:05.279   Installing the file.
2026-10-05 08:58:05.281   Successfully installed the file.
2026-10-05 08:58:05.281   -- File entry --
2026-10-05 08:58:05.281   Dest filename: <project-root>\installer\build\acceptance-20261005-085604-396\Installed FEC-RTTY é\licenses\gcc\COPYING3
2026-10-05 08:58:05.281   Time stamp of our file: 2025-08-09 08:54:10.000
2026-10-05 08:58:05.281   Dest file exists.
2026-10-05 08:58:05.281   Time stamp of existing file: 2025-08-09 08:54:10.000
2026-10-05 08:58:05.281   Installing the file.
2026-10-05 08:58:05.284   Successfully installed the file.
2026-10-05 08:58:05.284   -- File entry --
2026-10-05 08:58:05.284   Dest filename: <project-root>\installer\build\acceptance-20261005-085604-396\Installed FEC-RTTY é\licenses\gcc\README
2026-10-05 08:58:05.284   Time stamp of our file: 2025-08-09 08:54:10.000
2026-10-05 08:58:05.284   Dest file exists.
2026-10-05 08:58:05.284   Time stamp of existing file: 2025-08-09 08:54:10.000
2026-10-05 08:58:05.284   Installing the file.
2026-10-05 08:58:05.286   Successfully installed the file.
2026-10-05 08:58:05.286   -- File entry --
2026-10-05 08:58:05.287   Dest filename: <project-root>\installer\build\acceptance-20261005-085604-396\Installed FEC-RTTY é\licenses\inno\License.txt
2026-10-05 08:58:05.287   Time stamp of our file: 2026-05-22 01:00:00.000
2026-10-05 08:58:05.287   Dest file exists.
2026-10-05 08:58:05.287   Time stamp of existing file: 2026-05-22 01:00:00.000
2026-10-05 08:58:05.287   Installing the file.
2026-10-05 08:58:05.289   Successfully installed the file.
2026-10-05 08:58:05.289   -- File entry --
2026-10-05 08:58:05.289   Dest filename: <project-root>\installer\build\acceptance-20261005-085604-396\Installed FEC-RTTY é\licenses\portaudio\LICENSE.txt
2026-10-05 08:58:05.290   Time stamp of our file: 2022-01-28 13:13:12.000
2026-10-05 08:58:05.290   Dest file exists.
2026-10-05 08:58:05.290   Time stamp of existing file: 2022-01-28 13:13:12.000
2026-10-05 08:58:05.290   Installing the file.
2026-10-05 08:58:05.292   Successfully installed the file.
2026-10-05 08:58:05.292   -- File entry --
2026-10-05 08:58:05.292   Dest filename: <project-root>\installer\build\acceptance-20261005-085604-396\Installed FEC-RTTY é\licenses\qt\AFL-2.1.txt
2026-10-05 08:58:05.292   Time stamp of our file: 2026-10-05 08:30:28.000
2026-10-05 08:58:05.292   Dest file exists.
2026-10-05 08:58:05.292   Time stamp of existing file: 2026-10-05 08:30:28.000
2026-10-05 08:58:05.292   Installing the file.
2026-10-05 08:58:05.294   Successfully installed the file.
2026-10-05 08:58:05.294   -- File entry --
2026-10-05 08:58:05.294   Dest filename: <project-root>\installer\build\acceptance-20261005-085604-396\Installed FEC-RTTY é\licenses\qt\Apache-2.0.txt
2026-10-05 08:58:05.295   Time stamp of our file: 2026-10-05 08:30:28.000
2026-10-05 08:58:05.295   Dest file exists.
2026-10-05 08:58:05.295   Time stamp of existing file: 2026-10-05 08:30:28.000
2026-10-05 08:58:05.295   Installing the file.
2026-10-05 08:58:05.297   Successfully installed the file.
2026-10-05 08:58:05.297   -- File entry --
2026-10-05 08:58:05.297   Dest filename: <project-root>\installer\build\acceptance-20261005-085604-396\Installed FEC-RTTY é\licenses\qt\Bitstream-Vera.txt
2026-10-05 08:58:05.297   Time stamp of our file: 2026-10-05 08:30:30.000
2026-10-05 08:58:05.297   Dest file exists.
2026-10-05 08:58:05.297   Time stamp of existing file: 2026-10-05 08:30:30.000
2026-10-05 08:58:05.297   Installing the file.
2026-10-05 08:58:05.300   Successfully installed the file.
2026-10-05 08:58:05.300   -- File entry --
2026-10-05 08:58:05.300   Dest filename: <project-root>\installer\build\acceptance-20261005-085604-396\Installed FEC-RTTY é\licenses\qt\blessing.txt
2026-10-05 08:58:05.300   Time stamp of our file: 2026-10-05 08:30:34.000
2026-10-05 08:58:05.300   Dest file exists.
2026-10-05 08:58:05.300   Time stamp of existing file: 2026-10-05 08:30:34.000
2026-10-05 08:58:05.300   Installing the file.
2026-10-05 08:58:05.301   Successfully installed the file.
2026-10-05 08:58:05.301   -- File entry --
2026-10-05 08:58:05.301   Dest filename: <project-root>\installer\build\acceptance-20261005-085604-396\Installed FEC-RTTY é\licenses\qt\BSD-2-Clause.txt
2026-10-05 08:58:05.303   Time stamp of our file: 2026-10-05 08:30:28.000
2026-10-05 08:58:05.303   Dest file exists.
2026-10-05 08:58:05.303   Time stamp of existing file: 2026-10-05 08:30:28.000
2026-10-05 08:58:05.303   Installing the file.
2026-10-05 08:58:05.313   Successfully installed the file.
2026-10-05 08:58:05.313   -- File entry --
2026-10-05 08:58:05.314   Dest filename: <project-root>\installer\build\acceptance-20261005-085604-396\Installed FEC-RTTY é\licenses\qt\BSD-3-Clause.txt
2026-10-05 08:58:05.314   Time stamp of our file: 2026-10-05 08:30:28.000
2026-10-05 08:58:05.314   Dest file exists.
2026-10-05 08:58:05.314   Time stamp of existing file: 2026-10-05 08:30:28.000
2026-10-05 08:58:05.314   Installing the file.
2026-10-05 08:58:05.316   Successfully installed the file.
2026-10-05 08:58:05.316   -- File entry --
2026-10-05 08:58:05.316   Dest filename: <project-root>\installer\build\acceptance-20261005-085604-396\Installed FEC-RTTY é\licenses\qt\BSD-4-Clause.txt
2026-10-05 08:58:05.316   Time stamp of our file: 2026-10-05 08:30:28.000
2026-10-05 08:58:05.316   Dest file exists.
2026-10-05 08:58:05.316   Time stamp of existing file: 2026-10-05 08:30:28.000
2026-10-05 08:58:05.316   Installing the file.
2026-10-05 08:58:05.317   Successfully installed the file.
2026-10-05 08:58:05.317   -- File entry --
2026-10-05 08:58:05.317   Dest filename: <project-root>\installer\build\acceptance-20261005-085604-396\Installed FEC-RTTY é\licenses\qt\BSL-1.0.txt
2026-10-05 08:58:05.319   Time stamp of our file: 2026-10-05 08:30:30.000
2026-10-05 08:58:05.319   Dest file exists.
2026-10-05 08:58:05.319   Time stamp of existing file: 2026-10-05 08:30:30.000
2026-10-05 08:58:05.319   Installing the file.
2026-10-05 08:58:05.320   Successfully installed the file.
2026-10-05 08:58:05.320   -- File entry --
2026-10-05 08:58:05.320   Dest filename: <project-root>\installer\build\acceptance-20261005-085604-396\Installed FEC-RTTY é\licenses\qt\CC0-1.0.txt
2026-10-05 08:58:05.320   Time stamp of our file: 2026-10-05 08:30:30.000
2026-10-05 08:58:05.320   Dest file exists.
2026-10-05 08:58:05.320   Time stamp of existing file: 2026-10-05 08:30:30.000
2026-10-05 08:58:05.320   Installing the file.
2026-10-05 08:58:05.322   Successfully installed the file.
2026-10-05 08:58:05.322   -- File entry --
2026-10-05 08:58:05.322   Dest filename: <project-root>\installer\build\acceptance-20261005-085604-396\Installed FEC-RTTY é\licenses\qt\FTL.txt
2026-10-05 08:58:05.322   Time stamp of our file: 2026-10-05 08:30:30.000
2026-10-05 08:58:05.323   Dest file exists.
2026-10-05 08:58:05.323   Time stamp of existing file: 2026-10-05 08:30:30.000
2026-10-05 08:58:05.323   Installing the file.
2026-10-05 08:58:05.325   Successfully installed the file.
2026-10-05 08:58:05.325   -- File entry --
2026-10-05 08:58:05.325   Dest filename: <project-root>\installer\build\acceptance-20261005-085604-396\Installed FEC-RTTY é\licenses\qt\GFDL-1.3-no-invariants-only.txt
2026-10-05 08:58:05.325   Time stamp of our file: 2026-10-05 08:30:30.000
2026-10-05 08:58:05.325   Dest file exists.
2026-10-05 08:58:05.325   Time stamp of existing file: 2026-10-05 08:30:30.000
2026-10-05 08:58:05.325   Installing the file.
2026-10-05 08:58:05.328   Successfully installed the file.
2026-10-05 08:58:05.328   -- File entry --
2026-10-05 08:58:05.328   Dest filename: <project-root>\installer\build\acceptance-20261005-085604-396\Installed FEC-RTTY é\licenses\qt\GPL-2.0-only.txt
2026-10-05 08:58:05.328   Time stamp of our file: 2026-10-05 08:30:30.000
2026-10-05 08:58:05.328   Dest file exists.
2026-10-05 08:58:05.328   Time stamp of existing file: 2026-10-05 08:30:30.000
2026-10-05 08:58:05.328   Installing the file.
2026-10-05 08:58:05.330   Successfully installed the file.
2026-10-05 08:58:05.330   -- File entry --
2026-10-05 08:58:05.330   Dest filename: <project-root>\installer\build\acceptance-20261005-085604-396\Installed FEC-RTTY é\licenses\qt\GPL-2.0-or-later.txt
2026-10-05 08:58:05.331   Time stamp of our file: 2026-10-05 08:30:30.000
2026-10-05 08:58:05.331   Dest file exists.
2026-10-05 08:58:05.331   Time stamp of existing file: 2026-10-05 08:30:30.000
2026-10-05 08:58:05.331   Installing the file.
2026-10-05 08:58:05.333   Successfully installed the file.
2026-10-05 08:58:05.333   -- File entry --
2026-10-05 08:58:05.333   Dest filename: <project-root>\installer\build\acceptance-20261005-085604-396\Installed FEC-RTTY é\licenses\qt\GPL-3.0-only.txt
2026-10-05 08:58:05.333   Time stamp of our file: 2026-10-05 08:30:30.000
2026-10-05 08:58:05.333   Dest file exists.
2026-10-05 08:58:05.333   Time stamp of existing file: 2026-10-05 08:30:30.000
2026-10-05 08:58:05.333   Installing the file.
2026-10-05 08:58:05.334   Successfully installed the file.
2026-10-05 08:58:05.336   -- File entry --
2026-10-05 08:58:05.336   Dest filename: <project-root>\installer\build\acceptance-20261005-085604-396\Installed FEC-RTTY é\licenses\qt\HPND.txt
2026-10-05 08:58:05.339   Time stamp of our file: 2026-10-05 08:30:30.000
2026-10-05 08:58:05.339   Dest file exists.
2026-10-05 08:58:05.339   Time stamp of existing file: 2026-10-05 08:30:30.000
2026-10-05 08:58:05.339   Installing the file.
2026-10-05 08:58:05.341   Successfully installed the file.
2026-10-05 08:58:05.341   -- File entry --
2026-10-05 08:58:05.341   Dest filename: <project-root>\installer\build\acceptance-20261005-085604-396\Installed FEC-RTTY é\licenses\qt\IJG.txt
2026-10-05 08:58:05.341   Time stamp of our file: 2026-10-05 08:30:30.000
2026-10-05 08:58:05.341   Dest file exists.
2026-10-05 08:58:05.341   Time stamp of existing file: 2026-10-05 08:30:30.000
2026-10-05 08:58:05.341   Installing the file.
2026-10-05 08:58:05.342   Successfully installed the file.
2026-10-05 08:58:05.342   -- File entry --
2026-10-05 08:58:05.344   Dest filename: <project-root>\installer\build\acceptance-20261005-085604-396\Installed FEC-RTTY é\licenses\qt\Imlib2.txt
2026-10-05 08:58:05.344   Time stamp of our file: 2026-10-05 08:30:32.000
2026-10-05 08:58:05.344   Dest file exists.
2026-10-05 08:58:05.344   Time stamp of existing file: 2026-10-05 08:30:32.000
2026-10-05 08:58:05.344   Installing the file.
2026-10-05 08:58:05.345   Successfully installed the file.
2026-10-05 08:58:05.345   -- File entry --
2026-10-05 08:58:05.345   Dest filename: <project-root>\installer\build\acceptance-20261005-085604-396\Installed FEC-RTTY é\licenses\qt\IPL-1.0.txt
2026-10-05 08:58:05.345   Time stamp of our file: 2026-10-05 08:30:32.000
2026-10-05 08:58:05.345   Dest file exists.
2026-10-05 08:58:05.345   Time stamp of existing file: 2026-10-05 08:30:32.000
2026-10-05 08:58:05.345   Installing the file.
2026-10-05 08:58:05.347   Successfully installed the file.
2026-10-05 08:58:05.347   -- File entry --
2026-10-05 08:58:05.348   Dest filename: <project-root>\installer\build\acceptance-20261005-085604-396\Installed FEC-RTTY é\licenses\qt\LGPL-3.0-only.txt
2026-10-05 08:58:05.348   Time stamp of our file: 2026-10-05 08:30:32.000
2026-10-05 08:58:05.348   Dest file exists.
2026-10-05 08:58:05.348   Time stamp of existing file: 2026-10-05 08:30:32.000
2026-10-05 08:58:05.348   Installing the file.
2026-10-05 08:58:05.350   Successfully installed the file.
2026-10-05 08:58:05.350   -- File entry --
2026-10-05 08:58:05.350   Dest filename: <project-root>\installer\build\acceptance-20261005-085604-396\Installed FEC-RTTY é\licenses\qt\libpng-2.0.txt
2026-10-05 08:58:05.350   Time stamp of our file: 2026-10-05 08:30:34.000
2026-10-05 08:58:05.350   Dest file exists.
2026-10-05 08:58:05.350   Time stamp of existing file: 2026-10-05 08:30:34.000
2026-10-05 08:58:05.350   Installing the file.
2026-10-05 08:58:05.352   Successfully installed the file.
2026-10-05 08:58:05.352   -- File entry --
2026-10-05 08:58:05.352   Dest filename: <project-root>\installer\build\acceptance-20261005-085604-396\Installed FEC-RTTY é\licenses\qt\Libpng.txt
2026-10-05 08:58:05.353   Time stamp of our file: 2026-10-05 08:30:32.000
2026-10-05 08:58:05.353   Dest file exists.
2026-10-05 08:58:05.353   Time stamp of existing file: 2026-10-05 08:30:32.000
2026-10-05 08:58:05.353   Installing the file.
2026-10-05 08:58:05.355   Successfully installed the file.
2026-10-05 08:58:05.355   -- File entry --
2026-10-05 08:58:05.355   Dest filename: <project-root>\installer\build\acceptance-20261005-085604-396\Installed FEC-RTTY é\licenses\qt\LicenseRef-BSD-3-Clause-with-PCRE2-Binary-Like-Packages-Exception.txt
2026-10-05 08:58:05.355   Time stamp of our file: 2026-10-05 08:30:32.000
2026-10-05 08:58:05.355   Dest file exists.
2026-10-05 08:58:05.355   Time stamp of existing file: 2026-10-05 08:30:32.000
2026-10-05 08:58:05.355   Installing the file.
2026-10-05 08:58:05.358   Successfully installed the file.
2026-10-05 08:58:05.358   -- File entry --
2026-10-05 08:58:05.358   Dest filename: <project-root>\installer\build\acceptance-20261005-085604-396\Installed FEC-RTTY é\licenses\qt\LicenseRef-ICC-License.txt
2026-10-05 08:58:05.358   Time stamp of our file: 2026-10-05 08:30:32.000
2026-10-05 08:58:05.358   Dest file exists.
2026-10-05 08:58:05.358   Time stamp of existing file: 2026-10-05 08:30:32.000
2026-10-05 08:58:05.358   Installing the file.
2026-10-05 08:58:05.359   Successfully installed the file.
2026-10-05 08:58:05.359   -- File entry --
2026-10-05 08:58:05.361   Dest filename: <project-root>\installer\build\acceptance-20261005-085604-396\Installed FEC-RTTY é\licenses\qt\LicenseRef-Lcs-Telegraphics.txt
2026-10-05 08:58:05.361   Time stamp of our file: 2026-10-05 08:30:32.000
2026-10-05 08:58:05.361   Dest file exists.
2026-10-05 08:58:05.361   Time stamp of existing file: 2026-10-05 08:30:32.000
2026-10-05 08:58:05.361   Installing the file.
2026-10-05 08:58:05.362   Successfully installed the file.
2026-10-05 08:58:05.362   -- File entry --
2026-10-05 08:58:05.362   Dest filename: <project-root>\installer\build\acceptance-20261005-085604-396\Installed FEC-RTTY é\licenses\qt\LicenseRef-Qt-Commercial.txt
2026-10-05 08:58:05.362   Time stamp of our file: 2026-10-05 08:30:32.000
2026-10-05 08:58:05.362   Dest file exists.
2026-10-05 08:58:05.362   Time stamp of existing file: 2026-10-05 08:30:32.000
2026-10-05 08:58:05.362   Installing the file.
2026-10-05 08:58:05.365   Successfully installed the file.
2026-10-05 08:58:05.365   -- File entry --
2026-10-05 08:58:05.365   Dest filename: <project-root>\installer\build\acceptance-20261005-085604-396\Installed FEC-RTTY é\licenses\qt\LicenseRef-SHA1-Public-Domain.txt
2026-10-05 08:58:05.365   Time stamp of our file: 2026-10-05 08:30:32.000
2026-10-05 08:58:05.365   Dest file exists.
2026-10-05 08:58:05.365   Time stamp of existing file: 2026-10-05 08:30:32.000
2026-10-05 08:58:05.365   Installing the file.
2026-10-05 08:58:05.367   Successfully installed the file.
2026-10-05 08:58:05.367   -- File entry --
2026-10-05 08:58:05.367   Dest filename: <project-root>\installer\build\acceptance-20261005-085604-396\Installed FEC-RTTY é\licenses\qt\Linux-syscall-note.txt
2026-10-05 08:58:05.368   Time stamp of our file: 2026-10-05 08:30:32.000
2026-10-05 08:58:05.368   Dest file exists.
2026-10-05 08:58:05.368   Time stamp of existing file: 2026-10-05 08:30:32.000
2026-10-05 08:58:05.368   Installing the file.
2026-10-05 08:58:05.373   Successfully installed the file.
2026-10-05 08:58:05.373   -- File entry --
2026-10-05 08:58:05.373   Dest filename: <project-root>\installer\build\acceptance-20261005-085604-396\Installed FEC-RTTY é\licenses\qt\MIT-Khronos-old.txt
2026-10-05 08:58:05.373   Time stamp of our file: 2026-10-05 08:30:32.000
2026-10-05 08:58:05.373   Dest file exists.
2026-10-05 08:58:05.373   Time stamp of existing file: 2026-10-05 08:30:32.000
2026-10-05 08:58:05.373   Installing the file.
2026-10-05 08:58:05.377   Successfully installed the file.
2026-10-05 08:58:05.377   -- File entry --
2026-10-05 08:58:05.377   Dest filename: <project-root>\installer\build\acceptance-20261005-085604-396\Installed FEC-RTTY é\licenses\qt\MIT-open-group.txt
2026-10-05 08:58:05.379   Time stamp of our file: 2026-10-05 08:30:32.000
2026-10-05 08:58:05.379   Dest file exists.
2026-10-05 08:58:05.379   Time stamp of existing file: 2026-10-05 08:30:32.000
2026-10-05 08:58:05.379   Installing the file.
2026-10-05 08:58:05.380   Successfully installed the file.
2026-10-05 08:58:05.380   -- File entry --
2026-10-05 08:58:05.381   Dest filename: <project-root>\installer\build\acceptance-20261005-085604-396\Installed FEC-RTTY é\licenses\qt\MIT.txt
2026-10-05 08:58:05.381   Time stamp of our file: 2026-10-05 08:30:34.000
2026-10-05 08:58:05.381   Dest file exists.
2026-10-05 08:58:05.381   Time stamp of existing file: 2026-10-05 08:30:34.000
2026-10-05 08:58:05.381   Installing the file.
2026-10-05 08:58:05.382   Successfully installed the file.
2026-10-05 08:58:05.382   -- File entry --
2026-10-05 08:58:05.382   Dest filename: <project-root>\installer\build\acceptance-20261005-085604-396\Installed FEC-RTTY é\licenses\qt\MPL-2.0.txt
2026-10-05 08:58:05.384   Time stamp of our file: 2026-10-05 08:30:34.000
2026-10-05 08:58:05.384   Dest file exists.
2026-10-05 08:58:05.384   Time stamp of existing file: 2026-10-05 08:30:34.000
2026-10-05 08:58:05.384   Installing the file.
2026-10-05 08:58:05.385   Successfully installed the file.
2026-10-05 08:58:05.385   -- File entry --
2026-10-05 08:58:05.385   Dest filename: <project-root>\installer\build\acceptance-20261005-085604-396\Installed FEC-RTTY é\licenses\qt\Qt-GPL-exception-1.0.txt
2026-10-05 08:58:05.385   Time stamp of our file: 2026-10-05 08:30:34.000
2026-10-05 08:58:05.387   Dest file exists.
2026-10-05 08:58:05.387   Time stamp of existing file: 2026-10-05 08:30:34.000
2026-10-05 08:58:05.387   Installing the file.
2026-10-05 08:58:05.388   Successfully installed the file.
2026-10-05 08:58:05.388   -- File entry --
2026-10-05 08:58:05.389   Dest filename: <project-root>\installer\build\acceptance-20261005-085604-396\Installed FEC-RTTY é\licenses\qt\SPL-1.0.txt
2026-10-05 08:58:05.389   Time stamp of our file: 2026-10-05 08:30:34.000
2026-10-05 08:58:05.389   Dest file exists.
2026-10-05 08:58:05.389   Time stamp of existing file: 2026-10-05 08:30:34.000
2026-10-05 08:58:05.389   Installing the file.
2026-10-05 08:58:05.391   Successfully installed the file.
2026-10-05 08:58:05.391   -- File entry --
2026-10-05 08:58:05.393   Dest filename: <project-root>\installer\build\acceptance-20261005-085604-396\Installed FEC-RTTY é\licenses\qt\Unicode-3.0.txt
2026-10-05 08:58:05.393   Time stamp of our file: 2026-10-05 08:30:34.000
2026-10-05 08:58:05.393   Dest file exists.
2026-10-05 08:58:05.393   Time stamp of existing file: 2026-10-05 08:30:34.000
2026-10-05 08:58:05.393   Installing the file.
2026-10-05 08:58:05.394   Successfully installed the file.
2026-10-05 08:58:05.394   -- File entry --
2026-10-05 08:58:05.394   Dest filename: <project-root>\installer\build\acceptance-20261005-085604-396\Installed FEC-RTTY é\licenses\qt\X11.txt
2026-10-05 08:58:05.394   Time stamp of our file: 2026-10-05 08:30:34.000
2026-10-05 08:58:05.394   Dest file exists.
2026-10-05 08:58:05.394   Time stamp of existing file: 2026-10-05 08:30:34.000
2026-10-05 08:58:05.394   Installing the file.
2026-10-05 08:58:05.396   Successfully installed the file.
2026-10-05 08:58:05.396   -- File entry --
2026-10-05 08:58:05.397   Dest filename: <project-root>\installer\build\acceptance-20261005-085604-396\Installed FEC-RTTY é\licenses\qt\Xerox.txt
2026-10-05 08:58:05.397   Time stamp of our file: 2026-10-05 08:30:34.000
2026-10-05 08:58:05.397   Dest file exists.
2026-10-05 08:58:05.397   Time stamp of existing file: 2026-10-05 08:30:34.000
2026-10-05 08:58:05.397   Installing the file.
2026-10-05 08:58:05.401   Successfully installed the file.
2026-10-05 08:58:05.401   -- File entry --
2026-10-05 08:58:05.402   Dest filename: <project-root>\installer\build\acceptance-20261005-085604-396\Installed FEC-RTTY é\licenses\qt\Zlib.txt
2026-10-05 08:58:05.402   Time stamp of our file: 2026-10-05 08:30:34.000
2026-10-05 08:58:05.402   Dest file exists.
2026-10-05 08:58:05.402   Time stamp of existing file: 2026-10-05 08:30:34.000
2026-10-05 08:58:05.402   Installing the file.
2026-10-05 08:58:05.404   Successfully installed the file.
2026-10-05 08:58:05.404   -- File entry --
2026-10-05 08:58:05.404   Dest filename: <project-root>\installer\build\acceptance-20261005-085604-396\Installed FEC-RTTY é\licenses\qt\sbom\qtbase-6.8.3.source.spdx
2026-10-05 08:58:05.404   Time stamp of our file: 2025-03-17 15:15:54.000
2026-10-05 08:58:05.404   Dest file exists.
2026-10-05 08:58:05.404   Time stamp of existing file: 2025-03-17 15:15:54.000
2026-10-05 08:58:05.404   Installing the file.
2026-10-05 08:58:05.592   Successfully installed the file.
2026-10-05 08:58:05.592   -- File entry --
2026-10-05 08:58:05.592   Dest filename: <project-root>\installer\build\acceptance-20261005-085604-396\Installed FEC-RTTY é\licenses\qt\sbom\qtbase-6.8.3.spdx
2026-10-05 08:58:05.594   Time stamp of our file: 2025-03-17 15:15:22.000
2026-10-05 08:58:05.594   Dest file exists.
2026-10-05 08:58:05.594   Time stamp of existing file: 2025-03-17 15:15:22.000
2026-10-05 08:58:05.594   Installing the file.
2026-10-05 08:58:05.609   Successfully installed the file.
2026-10-05 08:58:05.609   -- File entry --
2026-10-05 08:58:05.609   Dest filename: <project-root>\installer\build\acceptance-20261005-085604-396\Installed FEC-RTTY é\licenses\qt\sbom\qtbase-6.8.3.spdx.json
2026-10-05 08:58:05.609   Time stamp of our file: 2025-03-17 15:16:00.000
2026-10-05 08:58:05.609   Dest file exists.
2026-10-05 08:58:05.609   Time stamp of existing file: 2025-03-17 15:16:00.000
2026-10-05 08:58:05.609   Installing the file.
2026-10-05 08:58:05.637   Successfully installed the file.
2026-10-05 08:58:05.637   -- File entry --
2026-10-05 08:58:05.637   Dest filename: <project-root>\installer\build\acceptance-20261005-085604-396\Installed FEC-RTTY é\licenses\qt\sbom\qtdeclarative-6.8.3.source.spdx
2026-10-05 08:58:05.637   Time stamp of our file: 2025-03-18 16:33:38.000
2026-10-05 08:58:05.637   Dest file exists.
2026-10-05 08:58:05.637   Time stamp of existing file: 2025-03-18 16:33:38.000
2026-10-05 08:58:05.637   Installing the file.
2026-10-05 08:58:05.806   Successfully installed the file.
2026-10-05 08:58:05.806   -- File entry --
2026-10-05 08:58:05.808   Dest filename: <project-root>\installer\build\acceptance-20261005-085604-396\Installed FEC-RTTY é\licenses\qt\sbom\qtdeclarative-6.8.3.spdx
2026-10-05 08:58:05.808   Time stamp of our file: 2025-03-18 16:33:20.000
2026-10-05 08:58:05.808   Dest file exists.
2026-10-05 08:58:05.808   Time stamp of existing file: 2025-03-18 16:33:20.000
2026-10-05 08:58:05.809   Installing the file.
2026-10-05 08:58:05.831   Successfully installed the file.
2026-10-05 08:58:05.831   -- File entry --
2026-10-05 08:58:05.832   Dest filename: <project-root>\installer\build\acceptance-20261005-085604-396\Installed FEC-RTTY é\licenses\qt\sbom\qtdeclarative-6.8.3.spdx.json
2026-10-05 08:58:05.832   Time stamp of our file: 2025-03-18 16:34:00.000
2026-10-05 08:58:05.832   Dest file exists.
2026-10-05 08:58:05.832   Time stamp of existing file: 2025-03-18 16:34:00.000
2026-10-05 08:58:05.832   Installing the file.
2026-10-05 08:58:05.864   Successfully installed the file.
2026-10-05 08:58:05.864   -- File entry --
2026-10-05 08:58:05.864   Dest filename: <project-root>\installer\build\acceptance-20261005-085604-396\Installed FEC-RTTY é\licenses\qt\sbom\qtsvg-6.8.3.spdx
2026-10-05 08:58:05.864   Time stamp of our file: 2025-03-18 04:47:12.000
2026-10-05 08:58:05.864   Dest file exists.
2026-10-05 08:58:05.864   Time stamp of existing file: 2025-03-18 04:47:12.000
2026-10-05 08:58:05.864   Installing the file.
2026-10-05 08:58:05.866   Successfully installed the file.
2026-10-05 08:58:05.867   -- File entry --
2026-10-05 08:58:05.867   Dest filename: <project-root>\installer\build\acceptance-20261005-085604-396\Installed FEC-RTTY é\licenses\qt\sbom\qtsvg-6.8.3.spdx.json
2026-10-05 08:58:05.867   Time stamp of our file: 2025-03-18 04:47:14.000
2026-10-05 08:58:05.867   Dest file exists.
2026-10-05 08:58:05.867   Time stamp of existing file: 2025-03-18 04:47:14.000
2026-10-05 08:58:05.867   Installing the file.
2026-10-05 08:58:05.870   Successfully installed the file.
2026-10-05 08:58:05.870   -- File entry --
2026-10-05 08:58:05.870   Dest filename: <project-root>\installer\build\acceptance-20261005-085604-396\Installed FEC-RTTY é\licenses\qt\sbom\qttools-6.8.3.source.spdx
2026-10-05 08:58:05.870   Time stamp of our file: 2025-03-18 19:47:50.000
2026-10-05 08:58:05.870   Dest file exists.
2026-10-05 08:58:05.870   Time stamp of existing file: 2025-03-18 19:47:50.000
2026-10-05 08:58:05.870   Installing the file.
2026-10-05 08:58:05.902   Successfully installed the file.
2026-10-05 08:58:05.902   -- File entry --
2026-10-05 08:58:05.902   Dest filename: <project-root>\installer\build\acceptance-20261005-085604-396\Installed FEC-RTTY é\licenses\qt\sbom\qttools-6.8.3.spdx
2026-10-05 08:58:05.902   Time stamp of our file: 2025-03-18 19:47:46.000
2026-10-05 08:58:05.902   Dest file exists.
2026-10-05 08:58:05.902   Time stamp of existing file: 2025-03-18 19:47:46.000
2026-10-05 08:58:05.902   Installing the file.
2026-10-05 08:58:05.910   Successfully installed the file.
2026-10-05 08:58:05.910   -- File entry --
2026-10-05 08:58:05.910   Dest filename: <project-root>\installer\build\acceptance-20261005-085604-396\Installed FEC-RTTY é\licenses\qt\sbom\qttools-6.8.3.spdx.json
2026-10-05 08:58:05.911   Time stamp of our file: 2025-03-18 19:47:52.000
2026-10-05 08:58:05.911   Dest file exists.
2026-10-05 08:58:05.911   Time stamp of existing file: 2025-03-18 19:47:52.000
2026-10-05 08:58:05.911   Installing the file.
2026-10-05 08:58:05.920   Successfully installed the file.
2026-10-05 08:58:05.920   -- File entry --
2026-10-05 08:58:05.920   Dest filename: <project-root>\installer\build\acceptance-20261005-085604-396\Installed FEC-RTTY é\licenses\qt\sbom\qttranslations-6.8.3.spdx
2026-10-05 08:58:05.920   Time stamp of our file: 2025-03-18 20:34:08.000
2026-10-05 08:58:05.921   Dest file exists.
2026-10-05 08:58:05.921   Time stamp of existing file: 2025-03-18 20:34:08.000
2026-10-05 08:58:05.921   Installing the file.
2026-10-05 08:58:05.926   Successfully installed the file.
2026-10-05 08:58:05.926   -- File entry --
2026-10-05 08:58:05.926   Dest filename: <project-root>\installer\build\acceptance-20261005-085604-396\Installed FEC-RTTY é\licenses\qt\sbom\qttranslations-6.8.3.spdx.json
2026-10-05 08:58:05.926   Time stamp of our file: 2025-03-18 20:34:18.000
2026-10-05 08:58:05.926   Dest file exists.
2026-10-05 08:58:05.926   Time stamp of existing file: 2025-03-18 20:34:18.000
2026-10-05 08:58:05.926   Installing the file.
2026-10-05 08:58:05.934   Successfully installed the file.
2026-10-05 08:58:05.934   -- File entry --
2026-10-05 08:58:05.934   Dest filename: <project-root>\installer\build\acceptance-20261005-085604-396\Installed FEC-RTTY é\licenses\winpthreads\COPYING
2026-10-05 08:58:05.934   Time stamp of our file: 2025-11-25 10:55:26.000
2026-10-05 08:58:05.934   Dest file exists.
2026-10-05 08:58:05.934   Time stamp of existing file: 2025-11-25 10:55:26.000
2026-10-05 08:58:05.934   Installing the file.
2026-10-05 08:58:05.935   Successfully installed the file.
2026-10-05 08:58:05.935   -- File entry --
2026-10-05 08:58:05.937   Dest filename: <project-root>\installer\build\acceptance-20261005-085604-396\Installed FEC-RTTY é\releases\fectty-v0.45.1-noise-acquisition-20261004\BUILD_MANIFEST.html
2026-10-05 08:58:05.937   Time stamp of our file: 2026-10-05 08:55:34.000
2026-10-05 08:58:05.937   Dest file exists.
2026-10-05 08:58:05.937   Time stamp of existing file: 2026-10-05 08:55:34.000
2026-10-05 08:58:05.937   Installing the file.
2026-10-05 08:58:05.938   Successfully installed the file.
2026-10-05 08:58:05.938   -- File entry --
2026-10-05 08:58:05.940   Dest filename: <project-root>\installer\build\acceptance-20261005-085604-396\Installed FEC-RTTY é\releases\fectty-v0.45.1-noise-acquisition-20261004\BUILD_MANIFEST.md
2026-10-05 08:58:05.940   Time stamp of our file: 2026-10-04 22:38:16.000
2026-10-05 08:58:05.940   Dest file exists.
2026-10-05 08:58:05.940   Time stamp of existing file: 2026-10-04 22:38:16.000
2026-10-05 08:58:05.940   Installing the file.
2026-10-05 08:58:05.941   Successfully installed the file.
2026-10-05 08:58:05.941   -- File entry --
2026-10-05 08:58:05.941   Dest filename: <project-root>\installer\build\acceptance-20261005-085604-396\Installed FEC-RTTY é\releases\fectty-v0.45.1-noise-acquisition-20261004\README.html
2026-10-05 08:58:05.941   Time stamp of our file: 2026-10-05 08:55:34.000
2026-10-05 08:58:05.941   Dest file exists.
2026-10-05 08:58:05.943   Time stamp of existing file: 2026-10-05 08:55:34.000
2026-10-05 08:58:05.943   Installing the file.
2026-10-05 08:58:05.944   Successfully installed the file.
2026-10-05 08:58:05.944   -- File entry --
2026-10-05 08:58:05.944   Dest filename: <project-root>\installer\build\acceptance-20261005-085604-396\Installed FEC-RTTY é\releases\fectty-v0.45.1-noise-acquisition-20261004\README.md
2026-10-05 08:58:05.946   Time stamp of our file: 2026-10-04 22:33:32.000
2026-10-05 08:58:05.946   Dest file exists.
2026-10-05 08:58:05.946   Time stamp of existing file: 2026-10-04 22:33:32.000
2026-10-05 08:58:05.946   Installing the file.
2026-10-05 08:58:05.947   Successfully installed the file.
2026-10-05 08:58:05.947   -- File entry --
2026-10-05 08:58:05.947   Dest filename: <project-root>\installer\build\acceptance-20261005-085604-396\Installed FEC-RTTY é\source\build-gui.bat
2026-10-05 08:58:05.949   Time stamp of our file: 2026-10-04 22:26:16.000
2026-10-05 08:58:05.949   Dest file exists.
2026-10-05 08:58:05.949   Time stamp of existing file: 2026-10-04 22:26:16.000
2026-10-05 08:58:05.949   Installing the file.
2026-10-05 08:58:05.950   Successfully installed the file.
2026-10-05 08:58:05.950   -- File entry --
2026-10-05 08:58:05.950   Dest filename: <project-root>\installer\build\acceptance-20261005-085604-396\Installed FEC-RTTY é\source\build.bat
2026-10-05 08:58:05.950   Time stamp of our file: 2026-10-04 21:47:52.000
2026-10-05 08:58:05.950   Dest file exists.
2026-10-05 08:58:05.950   Time stamp of existing file: 2026-10-04 21:47:52.000
2026-10-05 08:58:05.950   Installing the file.
2026-10-05 08:58:05.951   Successfully installed the file.
2026-10-05 08:58:05.951   -- File entry --
2026-10-05 08:58:05.951   Dest filename: <project-root>\installer\build\acceptance-20261005-085604-396\Installed FEC-RTTY é\source\CMakeLists.txt
2026-10-05 08:58:05.953   Time stamp of our file: 2026-10-04 22:26:16.000
2026-10-05 08:58:05.953   Dest file exists.
2026-10-05 08:58:05.953   Time stamp of existing file: 2026-10-04 22:26:16.000
2026-10-05 08:58:05.953   Installing the file.
2026-10-05 08:58:05.954   Successfully installed the file.
2026-10-05 08:58:05.954   -- File entry --
2026-10-05 08:58:05.954   Dest filename: <project-root>\installer\build\acceptance-20261005-085604-396\Installed FEC-RTTY é\source\README.html
2026-10-05 08:58:05.954   Time stamp of our file: 2026-10-05 08:55:34.000
2026-10-05 08:58:05.954   Dest file exists.
2026-10-05 08:58:05.954   Time stamp of existing file: 2026-10-05 08:55:34.000
2026-10-05 08:58:05.954   Installing the file.
2026-10-05 08:58:05.956   Successfully installed the file.
2026-10-05 08:58:05.956   -- File entry --
2026-10-05 08:58:05.957   Dest filename: <project-root>\installer\build\acceptance-20261005-085604-396\Installed FEC-RTTY é\source\README.md
2026-10-05 08:58:05.957   Time stamp of our file: 2026-10-04 22:53:04.000
2026-10-05 08:58:05.957   Dest file exists.
2026-10-05 08:58:05.957   Time stamp of existing file: 2026-10-04 22:53:04.000
2026-10-05 08:58:05.957   Installing the file.
2026-10-05 08:58:05.959   Successfully installed the file.
2026-10-05 08:58:05.959   -- File entry --
2026-10-05 08:58:05.959   Dest filename: <project-root>\installer\build\acceptance-20261005-085604-396\Installed FEC-RTTY é\source\include\fectty\acquisition.hpp
2026-10-05 08:58:05.960   Time stamp of our file: 2026-10-04 20:38:30.000
2026-10-05 08:58:05.960   Dest file exists.
2026-10-05 08:58:05.960   Time stamp of existing file: 2026-10-04 20:38:30.000
2026-10-05 08:58:05.960   Installing the file.
2026-10-05 08:58:05.962   Successfully installed the file.
2026-10-05 08:58:05.962   -- File entry --
2026-10-05 08:58:05.962   Dest filename: <project-root>\installer\build\acceptance-20261005-085604-396\Installed FEC-RTTY é\source\include\fectty\arq.hpp
2026-10-05 08:58:05.962   Time stamp of our file: 2026-10-04 15:44:42.000
2026-10-05 08:58:05.962   Dest file exists.
2026-10-05 08:58:05.962   Time stamp of existing file: 2026-10-04 15:44:42.000
2026-10-05 08:58:05.962   Installing the file.
2026-10-05 08:58:05.963   Successfully installed the file.
2026-10-05 08:58:05.965   -- File entry --
2026-10-05 08:58:05.965   Dest filename: <project-root>\installer\build\acceptance-20261005-085604-396\Installed FEC-RTTY é\source\include\fectty\audio_io.hpp
2026-10-05 08:58:05.965   Time stamp of our file: 2026-10-04 21:36:42.000
2026-10-05 08:58:05.965   Dest file exists.
2026-10-05 08:58:05.965   Time stamp of existing file: 2026-10-04 21:36:42.000
2026-10-05 08:58:05.965   Installing the file.
2026-10-05 08:58:05.966   Successfully installed the file.
2026-10-05 08:58:05.966   -- File entry --
2026-10-05 08:58:05.966   Dest filename: <project-root>\installer\build\acceptance-20261005-085604-396\Installed FEC-RTTY é\source\include\fectty\bench_exit.hpp
2026-10-05 08:58:05.966   Time stamp of our file: 2026-10-04 22:18:40.000
2026-10-05 08:58:05.966   Dest file exists.
2026-10-05 08:58:05.966   Time stamp of existing file: 2026-10-04 22:18:40.000
2026-10-05 08:58:05.966   Installing the file.
2026-10-05 08:58:05.969   Successfully installed the file.
2026-10-05 08:58:05.969   -- File entry --
2026-10-05 08:58:05.969   Dest filename: <project-root>\installer\build\acceptance-20261005-085604-396\Installed FEC-RTTY é\source\include\fectty\channel.hpp
2026-10-05 08:58:05.969   Time stamp of our file: 2026-10-04 17:48:02.000
2026-10-05 08:58:05.969   Dest file exists.
2026-10-05 08:58:05.969   Time stamp of existing file: 2026-10-04 17:48:02.000
2026-10-05 08:58:05.969   Installing the file.
2026-10-05 08:58:05.972   Successfully installed the file.
2026-10-05 08:58:05.972   -- File entry --
2026-10-05 08:58:05.972   Dest filename: <project-root>\installer\build\acceptance-20261005-085604-396\Installed FEC-RTTY é\source\include\fectty\clock_drift.hpp
2026-10-05 08:58:05.972   Time stamp of our file: 2026-10-03 18:40:08.000
2026-10-05 08:58:05.972   Dest file exists.
2026-10-05 08:58:05.972   Time stamp of existing file: 2026-10-03 18:40:08.000
2026-10-05 08:58:05.972   Installing the file.
2026-10-05 08:58:05.974   Successfully installed the file.
2026-10-05 08:58:05.974   -- File entry --
2026-10-05 08:58:05.974   Dest filename: <project-root>\installer\build\acceptance-20261005-085604-396\Installed FEC-RTTY é\source\include\fectty\convolutional.hpp
2026-10-05 08:58:05.975   Time stamp of our file: 2026-10-03 18:05:20.000
2026-10-05 08:58:05.975   Dest file exists.
2026-10-05 08:58:05.975   Time stamp of existing file: 2026-10-03 18:05:20.000
2026-10-05 08:58:05.975   Installing the file.
2026-10-05 08:58:05.977   Successfully installed the file.
2026-10-05 08:58:05.977   -- File entry --
2026-10-05 08:58:05.977   Dest filename: <project-root>\installer\build\acceptance-20261005-085604-396\Installed FEC-RTTY é\source\include\fectty\crc16.hpp
2026-10-05 08:58:05.977   Time stamp of our file: 2026-10-03 18:05:20.000
2026-10-05 08:58:05.977   Dest file exists.
2026-10-05 08:58:05.977   Time stamp of existing file: 2026-10-03 18:05:20.000
2026-10-05 08:58:05.977   Installing the file.
2026-10-05 08:58:05.978   Successfully installed the file.
2026-10-05 08:58:05.978   -- File entry --
2026-10-05 08:58:05.978   Dest filename: <project-root>\installer\build\acceptance-20261005-085604-396\Installed FEC-RTTY é\source\include\fectty\diagnostics.hpp
2026-10-05 08:58:05.978   Time stamp of our file: 2026-10-03 18:41:50.000
2026-10-05 08:58:05.978   Dest file exists.
2026-10-05 08:58:05.978   Time stamp of existing file: 2026-10-03 18:41:50.000
2026-10-05 08:58:05.978   Installing the file.
2026-10-05 08:58:05.980   Successfully installed the file.
2026-10-05 08:58:05.980   -- File entry --
2026-10-05 08:58:05.980   Dest filename: <project-root>\installer\build\acceptance-20261005-085604-396\Installed FEC-RTTY é\source\include\fectty\frame.hpp
2026-10-05 08:58:05.982   Time stamp of our file: 2026-10-04 19:40:16.000
2026-10-05 08:58:05.982   Dest file exists.
2026-10-05 08:58:05.982   Time stamp of existing file: 2026-10-04 19:40:16.000
2026-10-05 08:58:05.982   Installing the file.
2026-10-05 08:58:05.983   Successfully installed the file.
2026-10-05 08:58:05.983   -- File entry --
2026-10-05 08:58:05.983   Dest filename: <project-root>\installer\build\acceptance-20261005-085604-396\Installed FEC-RTTY é\source\include\fectty\frame_receiver.hpp
2026-10-05 08:58:05.983   Time stamp of our file: 2026-10-04 17:48:02.000
2026-10-05 08:58:05.983   Dest file exists.
2026-10-05 08:58:05.983   Time stamp of existing file: 2026-10-04 17:48:02.000
2026-10-05 08:58:05.983   Installing the file.
2026-10-05 08:58:05.985   Successfully installed the file.
2026-10-05 08:58:05.985   -- File entry --
2026-10-05 08:58:05.987   Dest filename: <project-root>\installer\build\acceptance-20261005-085604-396\Installed FEC-RTTY é\source\include\fectty\fsk4.hpp
2026-10-05 08:58:05.987   Time stamp of our file: 2026-10-04 17:48:02.000
2026-10-05 08:58:05.987   Dest file exists.
2026-10-05 08:58:05.987   Time stamp of existing file: 2026-10-04 17:48:02.000
2026-10-05 08:58:05.987   Installing the file.
2026-10-05 08:58:05.988   Successfully installed the file.
2026-10-05 08:58:05.988   -- File entry --
2026-10-05 08:58:05.988   Dest filename: <project-root>\installer\build\acceptance-20261005-085604-396\Installed FEC-RTTY é\source\include\fectty\gui_text.hpp
2026-10-05 08:58:05.989   Time stamp of our file: 2026-10-04 19:40:16.000
2026-10-05 08:58:05.989   Dest file exists.
2026-10-05 08:58:05.989   Time stamp of existing file: 2026-10-04 19:40:16.000
2026-10-05 08:58:05.989   Installing the file.
2026-10-05 08:58:05.991   Successfully installed the file.
2026-10-05 08:58:05.991   -- File entry --
2026-10-05 08:58:05.991   Dest filename: <project-root>\installer\build\acceptance-20261005-085604-396\Installed FEC-RTTY é\source\include\fectty\hamlib_rig.hpp
2026-10-05 08:58:05.991   Time stamp of our file: 2026-10-03 18:15:10.000
2026-10-05 08:58:05.991   Dest file exists.
2026-10-05 08:58:05.991   Time stamp of existing file: 2026-10-03 18:15:10.000
2026-10-05 08:58:05.991   Installing the file.
2026-10-05 08:58:05.993   Successfully installed the file.
2026-10-05 08:58:05.993   -- File entry --
2026-10-05 08:58:05.993   Dest filename: <project-root>\installer\build\acceptance-20261005-085604-396\Installed FEC-RTTY é\source\include\fectty\interleaver.hpp
2026-10-05 08:58:05.993   Time stamp of our file: 2026-10-04 17:48:02.000
2026-10-05 08:58:05.993   Dest file exists.
2026-10-05 08:58:05.993   Time stamp of existing file: 2026-10-04 17:48:02.000
2026-10-05 08:58:05.993   Installing the file.
2026-10-05 08:58:05.994   Successfully installed the file.
2026-10-05 08:58:05.994   -- File entry --
2026-10-05 08:58:05.994   Dest filename: <project-root>\installer\build\acceptance-20261005-085604-396\Installed FEC-RTTY é\source\include\fectty\interop.hpp
2026-10-05 08:58:05.996   Time stamp of our file: 2026-10-04 19:40:16.000
2026-10-05 08:58:05.996   Dest file exists.
2026-10-05 08:58:05.996   Time stamp of existing file: 2026-10-04 19:40:16.000
2026-10-05 08:58:05.996   Installing the file.
2026-10-05 08:58:05.997   Successfully installed the file.
2026-10-05 08:58:05.997   -- File entry --
2026-10-05 08:58:05.997   Dest filename: <project-root>\installer\build\acceptance-20261005-085604-396\Installed FEC-RTTY é\source\include\fectty\level_meter.hpp
2026-10-05 08:58:05.997   Time stamp of our file: 2026-10-03 18:43:14.000
2026-10-05 08:58:05.997   Dest file exists.
2026-10-05 08:58:05.997   Time stamp of existing file: 2026-10-03 18:43:14.000
2026-10-05 08:58:05.997   Installing the file.
2026-10-05 08:58:06.000   Successfully installed the file.
2026-10-05 08:58:06.000   -- File entry --
2026-10-05 08:58:06.000   Dest filename: <project-root>\installer\build\acceptance-20261005-085604-396\Installed FEC-RTTY é\source\include\fectty\link_metrics.hpp
2026-10-05 08:58:06.000   Time stamp of our file: 2026-10-04 13:16:42.000
2026-10-05 08:58:06.001   Dest file exists.
2026-10-05 08:58:06.001   Time stamp of existing file: 2026-10-04 13:16:42.000
2026-10-05 08:58:06.001   Installing the file.
2026-10-05 08:58:06.003   Successfully installed the file.
2026-10-05 08:58:06.003   -- File entry --
2026-10-05 08:58:06.003   Dest filename: <project-root>\installer\build\acceptance-20261005-085604-396\Installed FEC-RTTY é\source\include\fectty\macros.hpp
2026-10-05 08:58:06.003   Time stamp of our file: 2026-10-03 18:37:52.000
2026-10-05 08:58:06.003   Dest file exists.
2026-10-05 08:58:06.003   Time stamp of existing file: 2026-10-03 18:37:52.000
2026-10-05 08:58:06.003   Installing the file.
2026-10-05 08:58:06.004   Successfully installed the file.
2026-10-05 08:58:06.006   -- File entry --
2026-10-05 08:58:06.006   Dest filename: <project-root>\installer\build\acceptance-20261005-085604-396\Installed FEC-RTTY é\source\include\fectty\net_rigctl.hpp
2026-10-05 08:58:06.006   Time stamp of our file: 2026-10-04 09:24:14.000
2026-10-05 08:58:06.006   Dest file exists.
2026-10-05 08:58:06.006   Time stamp of existing file: 2026-10-04 09:24:14.000
2026-10-05 08:58:06.006   Installing the file.
2026-10-05 08:58:06.007   Successfully installed the file.
2026-10-05 08:58:06.009   -- File entry --
2026-10-05 08:58:06.009   Dest filename: <project-root>\installer\build\acceptance-20261005-085604-396\Installed FEC-RTTY é\source\include\fectty\omnirig.hpp
2026-10-05 08:58:06.009   Time stamp of our file: 2026-10-04 09:36:34.000
2026-10-05 08:58:06.009   Dest file exists.
2026-10-05 08:58:06.009   Time stamp of existing file: 2026-10-04 09:36:34.000
2026-10-05 08:58:06.009   Installing the file.
2026-10-05 08:58:06.010   Successfully installed the file.
2026-10-05 08:58:06.010   -- File entry --
2026-10-05 08:58:06.010   Dest filename: <project-root>\installer\build\acceptance-20261005-085604-396\Installed FEC-RTTY é\source\include\fectty\parse.hpp
2026-10-05 08:58:06.010   Time stamp of our file: 2026-10-04 19:40:16.000
2026-10-05 08:58:06.010   Dest file exists.
2026-10-05 08:58:06.012   Time stamp of existing file: 2026-10-04 19:40:16.000
2026-10-05 08:58:06.012   Installing the file.
2026-10-05 08:58:06.012   Successfully installed the file.
2026-10-05 08:58:06.012   -- File entry --
2026-10-05 08:58:06.013   Dest filename: <project-root>\installer\build\acceptance-20261005-085604-396\Installed FEC-RTTY é\source\include\fectty\paths.hpp
2026-10-05 08:58:06.013   Time stamp of our file: 2026-10-04 19:53:38.000
2026-10-05 08:58:06.013   Dest file exists.
2026-10-05 08:58:06.013   Time stamp of existing file: 2026-10-04 19:53:38.000
2026-10-05 08:58:06.013   Installing the file.
2026-10-05 08:58:06.015   Successfully installed the file.
2026-10-05 08:58:06.015   -- File entry --
2026-10-05 08:58:06.017   Dest filename: <project-root>\installer\build\acceptance-20261005-085604-396\Installed FEC-RTTY é\source\include\fectty\portaudio_io.hpp
2026-10-05 08:58:06.017   Time stamp of our file: 2026-10-04 21:36:42.000
2026-10-05 08:58:06.017   Dest file exists.
2026-10-05 08:58:06.017   Time stamp of existing file: 2026-10-04 21:36:42.000
2026-10-05 08:58:06.017   Installing the file.
2026-10-05 08:58:06.018   Successfully installed the file.
2026-10-05 08:58:06.018   -- File entry --
2026-10-05 08:58:06.018   Dest filename: <project-root>\installer\build\acceptance-20261005-085604-396\Installed FEC-RTTY é\source\include\fectty\protocol.hpp
2026-10-05 08:58:06.019   Time stamp of our file: 2026-10-04 19:40:16.000
2026-10-05 08:58:06.019   Dest file exists.
2026-10-05 08:58:06.019   Time stamp of existing file: 2026-10-04 19:40:16.000
2026-10-05 08:58:06.019   Installing the file.
2026-10-05 08:58:06.020   Successfully installed the file.
2026-10-05 08:58:06.020   -- File entry --
2026-10-05 08:58:06.021   Dest filename: <project-root>\installer\build\acceptance-20261005-085604-396\Installed FEC-RTTY é\source\include\fectty\qso_log.hpp
2026-10-05 08:58:06.021   Time stamp of our file: 2026-10-03 18:37:52.000
2026-10-05 08:58:06.021   Dest file exists.
2026-10-05 08:58:06.021   Time stamp of existing file: 2026-10-03 18:37:52.000
2026-10-05 08:58:06.021   Installing the file.
2026-10-05 08:58:06.023   Successfully installed the file.
2026-10-05 08:58:06.023   -- File entry --
2026-10-05 08:58:06.023   Dest filename: <project-root>\installer\build\acceptance-20261005-085604-396\Installed FEC-RTTY é\source\include\fectty\reliable_receiver.hpp
2026-10-05 08:58:06.023   Time stamp of our file: 2026-10-04 22:23:12.000
2026-10-05 08:58:06.023   Dest file exists.
2026-10-05 08:58:06.023   Time stamp of existing file: 2026-10-04 22:23:12.000
2026-10-05 08:58:06.023   Installing the file.
2026-10-05 08:58:06.024   Successfully installed the file.
2026-10-05 08:58:06.024   -- File entry --
2026-10-05 08:58:06.026   Dest filename: <project-root>\installer\build\acceptance-20261005-085604-396\Installed FEC-RTTY é\source\include\fectty\rig_control.hpp
2026-10-05 08:58:06.026   Time stamp of our file: 2026-10-03 18:13:48.000
2026-10-05 08:58:06.026   Dest file exists.
2026-10-05 08:58:06.026   Time stamp of existing file: 2026-10-03 18:13:48.000
2026-10-05 08:58:06.026   Installing the file.
2026-10-05 08:58:06.027   Successfully installed the file.
2026-10-05 08:58:06.027   -- File entry --
2026-10-05 08:58:06.027   Dest filename: <project-root>\installer\build\acceptance-20261005-085604-396\Installed FEC-RTTY é\source\include\fectty\session.hpp
2026-10-05 08:58:06.027   Time stamp of our file: 2026-10-04 19:40:52.000
2026-10-05 08:58:06.027   Dest file exists.
2026-10-05 08:58:06.027   Time stamp of existing file: 2026-10-04 19:40:52.000
2026-10-05 08:58:06.027   Installing the file.
2026-10-05 08:58:06.029   Successfully installed the file.
2026-10-05 08:58:06.029   -- File entry --
2026-10-05 08:58:06.029   Dest filename: <project-root>\installer\build\acceptance-20261005-085604-396\Installed FEC-RTTY é\source\include\fectty\settings.hpp
2026-10-05 08:58:06.031   Time stamp of our file: 2026-10-04 21:12:20.000
2026-10-05 08:58:06.031   Dest file exists.
2026-10-05 08:58:06.031   Time stamp of existing file: 2026-10-04 21:12:20.000
2026-10-05 08:58:06.031   Installing the file.
2026-10-05 08:58:06.034   Successfully installed the file.
2026-10-05 08:58:06.034   -- File entry --
2026-10-05 08:58:06.034   Dest filename: <project-root>\installer\build\acceptance-20261005-085604-396\Installed FEC-RTTY é\source\include\fectty\spectrum.hpp
2026-10-05 08:58:06.034   Time stamp of our file: 2026-10-03 18:37:38.000
2026-10-05 08:58:06.034   Dest file exists.
2026-10-05 08:58:06.034   Time stamp of existing file: 2026-10-03 18:37:38.000
2026-10-05 08:58:06.034   Installing the file.
2026-10-05 08:58:06.035   Successfully installed the file.
2026-10-05 08:58:06.035   -- File entry --
2026-10-05 08:58:06.035   Dest filename: <project-root>\installer\build\acceptance-20261005-085604-396\Installed FEC-RTTY é\source\include\fectty\stream_receiver.hpp
2026-10-05 08:58:06.037   Time stamp of our file: 2026-10-03 18:15:54.000
2026-10-05 08:58:06.037   Dest file exists.
2026-10-05 08:58:06.037   Time stamp of existing file: 2026-10-03 18:15:54.000
2026-10-05 08:58:06.037   Installing the file.
2026-10-05 08:58:06.038   Successfully installed the file.
2026-10-05 08:58:06.038   -- File entry --
2026-10-05 08:58:06.038   Dest filename: <project-root>\installer\build\acceptance-20261005-085604-396\Installed FEC-RTTY é\source\include\fectty\sync.hpp
2026-10-05 08:58:06.038   Time stamp of our file: 2026-10-03 18:15:08.000
2026-10-05 08:58:06.038   Dest file exists.
2026-10-05 08:58:06.039   Time stamp of existing file: 2026-10-03 18:15:08.000
2026-10-05 08:58:06.039   Installing the file.
2026-10-05 08:58:06.040   Successfully installed the file.
2026-10-05 08:58:06.040   -- File entry --
2026-10-05 08:58:06.040   Dest filename: <project-root>\installer\build\acceptance-20261005-085604-396\Installed FEC-RTTY é\source\include\fectty\timing.hpp
2026-10-05 08:58:06.041   Time stamp of our file: 2026-10-03 18:15:34.000
2026-10-05 08:58:06.041   Dest file exists.
2026-10-05 08:58:06.041   Time stamp of existing file: 2026-10-03 18:15:34.000
2026-10-05 08:58:06.041   Installing the file.
2026-10-05 08:58:06.041   Successfully installed the file.
2026-10-05 08:58:06.043   -- File entry --
2026-10-05 08:58:06.043   Dest filename: <project-root>\installer\build\acceptance-20261005-085604-396\Installed FEC-RTTY é\source\include\fectty\timing_tracker.hpp
2026-10-05 08:58:06.043   Time stamp of our file: 2026-10-03 18:43:14.000
2026-10-05 08:58:06.043   Dest file exists.
2026-10-05 08:58:06.043   Time stamp of existing file: 2026-10-03 18:43:14.000
2026-10-05 08:58:06.043   Installing the file.
2026-10-05 08:58:06.044   Successfully installed the file.
2026-10-05 08:58:06.044   -- File entry --
2026-10-05 08:58:06.044   Dest filename: <project-root>\installer\build\acceptance-20261005-085604-396\Installed FEC-RTTY é\source\include\fectty\tx_controller.hpp
2026-10-05 08:58:06.046   Time stamp of our file: 2026-10-03 18:14:04.000
2026-10-05 08:58:06.046   Dest file exists.
2026-10-05 08:58:06.046   Time stamp of existing file: 2026-10-03 18:14:04.000
2026-10-05 08:58:06.046   Installing the file.
2026-10-05 08:58:06.047   Successfully installed the file.
2026-10-05 08:58:06.047   -- File entry --
2026-10-05 08:58:06.047   Dest filename: <project-root>\installer\build\acceptance-20261005-085604-396\Installed FEC-RTTY é\source\include\fectty\tx_watchdog.hpp
2026-10-05 08:58:06.047   Time stamp of our file: 2026-10-03 18:40:08.000
2026-10-05 08:58:06.047   Dest file exists.
2026-10-05 08:58:06.047   Time stamp of existing file: 2026-10-03 18:40:08.000
2026-10-05 08:58:06.047   Installing the file.
2026-10-05 08:58:06.049   Successfully installed the file.
2026-10-05 08:58:06.049   -- File entry --
2026-10-05 08:58:06.050   Dest filename: <project-root>\installer\build\acceptance-20261005-085604-396\Installed FEC-RTTY é\source\include\fectty\viterbi.hpp
2026-10-05 08:58:06.050   Time stamp of our file: 2026-10-03 18:05:20.000
2026-10-05 08:58:06.050   Dest file exists.
2026-10-05 08:58:06.050   Time stamp of existing file: 2026-10-03 18:05:20.000
2026-10-05 08:58:06.050   Installing the file.
2026-10-05 08:58:06.052   Successfully installed the file.
2026-10-05 08:58:06.052   -- File entry --
2026-10-05 08:58:06.052   Dest filename: <project-root>\installer\build\acceptance-20261005-085604-396\Installed FEC-RTTY é\source\include\fectty\waterfall_spectrum.hpp
2026-10-05 08:58:06.052   Time stamp of our file: 2026-10-04 20:54:22.000
2026-10-05 08:58:06.052   Dest file exists.
2026-10-05 08:58:06.052   Time stamp of existing file: 2026-10-04 20:54:22.000
2026-10-05 08:58:06.052   Installing the file.
2026-10-05 08:58:06.053   Successfully installed the file.
2026-10-05 08:58:06.053   -- File entry --
2026-10-05 08:58:06.055   Dest filename: <project-root>\installer\build\acceptance-20261005-085604-396\Installed FEC-RTTY é\source\include\fectty\waterfall_widget.hpp
2026-10-05 08:58:06.055   Time stamp of our file: 2026-10-04 20:54:22.000
2026-10-05 08:58:06.055   Dest file exists.
2026-10-05 08:58:06.055   Time stamp of existing file: 2026-10-04 20:54:22.000
2026-10-05 08:58:06.055   Installing the file.
2026-10-05 08:58:06.056   Successfully installed the file.
2026-10-05 08:58:06.056   -- File entry --
2026-10-05 08:58:06.056   Dest filename: <project-root>\installer\build\acceptance-20261005-085604-396\Installed FEC-RTTY é\source\include\fectty\wav.hpp
2026-10-05 08:58:06.056   Time stamp of our file: 2026-10-03 18:43:14.000
2026-10-05 08:58:06.056   Dest file exists.
2026-10-05 08:58:06.056   Time stamp of existing file: 2026-10-03 18:43:14.000
2026-10-05 08:58:06.056   Installing the file.
2026-10-05 08:58:06.058   Successfully installed the file.
2026-10-05 08:58:06.058   -- File entry --
2026-10-05 08:58:06.058   Dest filename: <project-root>\installer\build\acceptance-20261005-085604-396\Installed FEC-RTTY é\source\include\fectty\winmm_io.hpp
2026-10-05 08:58:06.060   Time stamp of our file: 2026-10-04 19:40:52.000
2026-10-05 08:58:06.060   Dest file exists.
2026-10-05 08:58:06.060   Time stamp of existing file: 2026-10-04 19:40:52.000
2026-10-05 08:58:06.060   Installing the file.
2026-10-05 08:58:06.061   Successfully installed the file.
2026-10-05 08:58:06.061   -- File entry --
2026-10-05 08:58:06.061   Dest filename: <project-root>\installer\build\acceptance-20261005-085604-396\Installed FEC-RTTY é\source\src\acquisition.cpp
2026-10-05 08:58:06.061   Time stamp of our file: 2026-10-04 20:38:30.000
2026-10-05 08:58:06.061   Dest file exists.
2026-10-05 08:58:06.061   Time stamp of existing file: 2026-10-04 20:38:30.000
2026-10-05 08:58:06.061   Installing the file.
2026-10-05 08:58:06.065   Successfully installed the file.
2026-10-05 08:58:06.065   -- File entry --
2026-10-05 08:58:06.065   Dest filename: <project-root>\installer\build\acceptance-20261005-085604-396\Installed FEC-RTTY é\source\src\arq.cpp
2026-10-05 08:58:06.065   Time stamp of our file: 2026-10-04 15:53:40.000
2026-10-05 08:58:06.065   Dest file exists.
2026-10-05 08:58:06.065   Time stamp of existing file: 2026-10-04 15:53:40.000
2026-10-05 08:58:06.065   Installing the file.
2026-10-05 08:58:06.068   Successfully installed the file.
2026-10-05 08:58:06.068   -- File entry --
2026-10-05 08:58:06.068   Dest filename: <project-root>\installer\build\acceptance-20261005-085604-396\Installed FEC-RTTY é\source\src\audio_smoke.cpp
2026-10-05 08:58:06.069   Time stamp of our file: 2026-10-04 20:00:32.000
2026-10-05 08:58:06.069   Dest file exists.
2026-10-05 08:58:06.069   Time stamp of existing file: 2026-10-04 20:00:32.000
2026-10-05 08:58:06.071   Installing the file.
2026-10-05 08:58:06.072   Successfully installed the file.
2026-10-05 08:58:06.072   -- File entry --
2026-10-05 08:58:06.072   Dest filename: <project-root>\installer\build\acceptance-20261005-085604-396\Installed FEC-RTTY é\source\src\benchmark.cpp
2026-10-05 08:58:06.072   Time stamp of our file: 2026-10-04 19:54:10.000
2026-10-05 08:58:06.072   Dest file exists.
2026-10-05 08:58:06.072   Time stamp of existing file: 2026-10-04 19:54:10.000
2026-10-05 08:58:06.072   Installing the file.
2026-10-05 08:58:06.075   Successfully installed the file.
2026-10-05 08:58:06.075   -- File entry --
2026-10-05 08:58:06.075   Dest filename: <project-root>\installer\build\acceptance-20261005-085604-396\Installed FEC-RTTY é\source\src\channel.cpp
2026-10-05 08:58:06.075   Time stamp of our file: 2026-10-04 17:48:02.000
2026-10-05 08:58:06.075   Dest file exists.
2026-10-05 08:58:06.075   Time stamp of existing file: 2026-10-04 17:48:02.000
2026-10-05 08:58:06.075   Installing the file.
2026-10-05 08:58:06.077   Successfully installed the file.
2026-10-05 08:58:06.077   -- File entry --
2026-10-05 08:58:06.077   Dest filename: <project-root>\installer\build\acceptance-20261005-085604-396\Installed FEC-RTTY é\source\src\clock_drift.cpp
2026-10-05 08:58:06.078   Time stamp of our file: 2026-10-04 20:21:44.000
2026-10-05 08:58:06.078   Dest file exists.
2026-10-05 08:58:06.078   Time stamp of existing file: 2026-10-04 20:21:44.000
2026-10-05 08:58:06.078   Installing the file.
2026-10-05 08:58:06.080   Successfully installed the file.
2026-10-05 08:58:06.080   -- File entry --
2026-10-05 08:58:06.080   Dest filename: <project-root>\installer\build\acceptance-20261005-085604-396\Installed FEC-RTTY é\source\src\convolutional.cpp
2026-10-05 08:58:06.081   Time stamp of our file: 2026-10-03 18:05:20.000
2026-10-05 08:58:06.081   Dest file exists.
2026-10-05 08:58:06.081   Time stamp of existing file: 2026-10-03 18:05:20.000
2026-10-05 08:58:06.081   Installing the file.
2026-10-05 08:58:06.082   Successfully installed the file.
2026-10-05 08:58:06.082   -- File entry --
2026-10-05 08:58:06.082   Dest filename: <project-root>\installer\build\acceptance-20261005-085604-396\Installed FEC-RTTY é\source\src\crc16.cpp
2026-10-05 08:58:06.082   Time stamp of our file: 2026-10-03 18:05:20.000
2026-10-05 08:58:06.082   Dest file exists.
2026-10-05 08:58:06.082   Time stamp of existing file: 2026-10-03 18:05:20.000
2026-10-05 08:58:06.082   Installing the file.
2026-10-05 08:58:06.084   Successfully installed the file.
2026-10-05 08:58:06.084   -- File entry --
2026-10-05 08:58:06.084   Dest filename: <project-root>\installer\build\acceptance-20261005-085604-396\Installed FEC-RTTY é\source\src\diagnostics.cpp
2026-10-05 08:58:06.085   Time stamp of our file: 2026-10-03 18:41:50.000
2026-10-05 08:58:06.085   Dest file exists.
2026-10-05 08:58:06.085   Time stamp of existing file: 2026-10-03 18:41:50.000
2026-10-05 08:58:06.085   Installing the file.
2026-10-05 08:58:06.087   Successfully installed the file.
2026-10-05 08:58:06.087   -- File entry --
2026-10-05 08:58:06.087   Dest filename: <project-root>\installer\build\acceptance-20261005-085604-396\Installed FEC-RTTY é\source\src\frame.cpp
2026-10-05 08:58:06.087   Time stamp of our file: 2026-10-03 18:05:30.000
2026-10-05 08:58:06.087   Dest file exists.
2026-10-05 08:58:06.087   Time stamp of existing file: 2026-10-03 18:05:30.000
2026-10-05 08:58:06.088   Installing the file.
2026-10-05 08:58:06.088   Successfully installed the file.
2026-10-05 08:58:06.089   -- File entry --
2026-10-05 08:58:06.089   Dest filename: <project-root>\installer\build\acceptance-20261005-085604-396\Installed FEC-RTTY é\source\src\frame_receiver.cpp
2026-10-05 08:58:06.089   Time stamp of our file: 2026-10-04 17:48:02.000
2026-10-05 08:58:06.089   Dest file exists.
2026-10-05 08:58:06.089   Time stamp of existing file: 2026-10-04 17:48:02.000
2026-10-05 08:58:06.089   Installing the file.
2026-10-05 08:58:06.091   Successfully installed the file.
2026-10-05 08:58:06.091   -- File entry --
2026-10-05 08:58:06.091   Dest filename: <project-root>\installer\build\acceptance-20261005-085604-396\Installed FEC-RTTY é\source\src\fsk4.cpp
2026-10-05 08:58:06.093   Time stamp of our file: 2026-10-04 17:48:02.000
2026-10-05 08:58:06.093   Dest file exists.
2026-10-05 08:58:06.093   Time stamp of existing file: 2026-10-04 17:48:02.000
2026-10-05 08:58:06.093   Installing the file.
2026-10-05 08:58:06.094   Successfully installed the file.
2026-10-05 08:58:06.096   -- File entry --
2026-10-05 08:58:06.096   Dest filename: <project-root>\installer\build\acceptance-20261005-085604-396\Installed FEC-RTTY é\source\src\gui_main.cpp
2026-10-05 08:58:06.096   Time stamp of our file: 2026-10-04 22:18:40.000
2026-10-05 08:58:06.096   Dest file exists.
2026-10-05 08:58:06.096   Time stamp of existing file: 2026-10-04 22:18:40.000
2026-10-05 08:58:06.096   Installing the file.
2026-10-05 08:58:06.100   Successfully installed the file.
2026-10-05 08:58:06.100   -- File entry --
2026-10-05 08:58:06.100   Dest filename: <project-root>\installer\build\acceptance-20261005-085604-396\Installed FEC-RTTY é\source\src\hamlib_rig.cpp
2026-10-05 08:58:06.100   Time stamp of our file: 2026-10-04 19:40:16.000
2026-10-05 08:58:06.100   Dest file exists.
2026-10-05 08:58:06.100   Time stamp of existing file: 2026-10-04 19:40:16.000
2026-10-05 08:58:06.100   Installing the file.
2026-10-05 08:58:06.102   Successfully installed the file.
2026-10-05 08:58:06.102   -- File entry --
2026-10-05 08:58:06.102   Dest filename: <project-root>\installer\build\acceptance-20261005-085604-396\Installed FEC-RTTY é\source\src\interleaver.cpp
2026-10-05 08:58:06.103   Time stamp of our file: 2026-10-03 18:13:48.000
2026-10-05 08:58:06.103   Dest file exists.
2026-10-05 08:58:06.103   Time stamp of existing file: 2026-10-03 18:13:48.000
2026-10-05 08:58:06.103   Installing the file.
2026-10-05 08:58:06.103   Successfully installed the file.
2026-10-05 08:58:06.104   -- File entry --
2026-10-05 08:58:06.104   Dest filename: <project-root>\installer\build\acceptance-20261005-085604-396\Installed FEC-RTTY é\source\src\interop.cpp
2026-10-05 08:58:06.104   Time stamp of our file: 2026-10-04 19:54:48.000
2026-10-05 08:58:06.104   Dest file exists.
2026-10-05 08:58:06.104   Time stamp of existing file: 2026-10-04 19:54:48.000
2026-10-05 08:58:06.104   Installing the file.
2026-10-05 08:58:06.107   Successfully installed the file.
2026-10-05 08:58:06.107   -- File entry --
2026-10-05 08:58:06.107   Dest filename: <project-root>\installer\build\acceptance-20261005-085604-396\Installed FEC-RTTY é\source\src\level_meter.cpp
2026-10-05 08:58:06.107   Time stamp of our file: 2026-10-03 18:43:14.000
2026-10-05 08:58:06.107   Dest file exists.
2026-10-05 08:58:06.107   Time stamp of existing file: 2026-10-03 18:43:14.000
2026-10-05 08:58:06.107   Installing the file.
2026-10-05 08:58:06.110   Successfully installed the file.
2026-10-05 08:58:06.110   -- File entry --
2026-10-05 08:58:06.110   Dest filename: <project-root>\installer\build\acceptance-20261005-085604-396\Installed FEC-RTTY é\source\src\link_metrics.cpp
2026-10-05 08:58:06.110   Time stamp of our file: 2026-10-03 18:40:08.000
2026-10-05 08:58:06.110   Dest file exists.
2026-10-05 08:58:06.110   Time stamp of existing file: 2026-10-03 18:40:08.000
2026-10-05 08:58:06.110   Installing the file.
2026-10-05 08:58:06.111   Successfully installed the file.
2026-10-05 08:58:06.111   -- File entry --
2026-10-05 08:58:06.113   Dest filename: <project-root>\installer\build\acceptance-20261005-085604-396\Installed FEC-RTTY é\source\src\live.cpp
2026-10-05 08:58:06.113   Time stamp of our file: 2026-10-04 20:07:56.000
2026-10-05 08:58:06.113   Dest file exists.
2026-10-05 08:58:06.113   Time stamp of existing file: 2026-10-04 20:07:56.000
2026-10-05 08:58:06.113   Installing the file.
2026-10-05 08:58:06.114   Successfully installed the file.
2026-10-05 08:58:06.114   -- File entry --
2026-10-05 08:58:06.114   Dest filename: <project-root>\installer\build\acceptance-20261005-085604-396\Installed FEC-RTTY é\source\src\macros.cpp
2026-10-05 08:58:06.114   Time stamp of our file: 2026-10-03 18:37:52.000
2026-10-05 08:58:06.114   Dest file exists.
2026-10-05 08:58:06.114   Time stamp of existing file: 2026-10-03 18:37:52.000
2026-10-05 08:58:06.114   Installing the file.
2026-10-05 08:58:06.116   Successfully installed the file.
2026-10-05 08:58:06.116   -- File entry --
2026-10-05 08:58:06.117   Dest filename: <project-root>\installer\build\acceptance-20261005-085604-396\Installed FEC-RTTY é\source\src\main.cpp
2026-10-05 08:58:06.117   Time stamp of our file: 2026-10-04 20:46:44.000
2026-10-05 08:58:06.117   Dest file exists.
2026-10-05 08:58:06.117   Time stamp of existing file: 2026-10-04 20:46:44.000
2026-10-05 08:58:06.117   Installing the file.
2026-10-05 08:58:06.119   Successfully installed the file.
2026-10-05 08:58:06.119   -- File entry --
2026-10-05 08:58:06.119   Dest filename: <project-root>\installer\build\acceptance-20261005-085604-396\Installed FEC-RTTY é\source\src\net_rigctl.cpp
2026-10-05 08:58:06.119   Time stamp of our file: 2026-10-04 19:57:28.000
2026-10-05 08:58:06.119   Dest file exists.
2026-10-05 08:58:06.119   Time stamp of existing file: 2026-10-04 19:57:28.000
2026-10-05 08:58:06.119   Installing the file.
2026-10-05 08:58:06.120   Successfully installed the file.
2026-10-05 08:58:06.120   -- File entry --
2026-10-05 08:58:06.122   Dest filename: <project-root>\installer\build\acceptance-20261005-085604-396\Installed FEC-RTTY é\source\src\omnirig.cpp
2026-10-05 08:58:06.122   Time stamp of our file: 2026-10-04 20:07:56.000
2026-10-05 08:58:06.122   Dest file exists.
2026-10-05 08:58:06.122   Time stamp of existing file: 2026-10-04 20:07:56.000
2026-10-05 08:58:06.122   Installing the file.
2026-10-05 08:58:06.123   Successfully installed the file.
2026-10-05 08:58:06.123   -- File entry --
2026-10-05 08:58:06.123   Dest filename: <project-root>\installer\build\acceptance-20261005-085604-396\Installed FEC-RTTY é\source\src\portaudio_io.cpp
2026-10-05 08:58:06.123   Time stamp of our file: 2026-10-04 21:36:42.000
2026-10-05 08:58:06.125   Dest file exists.
2026-10-05 08:58:06.125   Time stamp of existing file: 2026-10-04 21:36:42.000
2026-10-05 08:58:06.125   Installing the file.
2026-10-05 08:58:06.127   Successfully installed the file.
2026-10-05 08:58:06.127   -- File entry --
2026-10-05 08:58:06.127   Dest filename: <project-root>\installer\build\acceptance-20261005-085604-396\Installed FEC-RTTY é\source\src\portaudio_smoke.cpp
2026-10-05 08:58:06.128   Time stamp of our file: 2026-10-04 20:00:32.000
2026-10-05 08:58:06.128   Dest file exists.
2026-10-05 08:58:06.128   Time stamp of existing file: 2026-10-04 20:00:32.000
2026-10-05 08:58:06.128   Installing the file.
2026-10-05 08:58:06.132   Successfully installed the file.
2026-10-05 08:58:06.132   -- File entry --
2026-10-05 08:58:06.132   Dest filename: <project-root>\installer\build\acceptance-20261005-085604-396\Installed FEC-RTTY é\source\src\qso_log.cpp
2026-10-05 08:58:06.133   Time stamp of our file: 2026-10-04 19:54:10.000
2026-10-05 08:58:06.133   Dest file exists.
2026-10-05 08:58:06.133   Time stamp of existing file: 2026-10-04 19:54:10.000
2026-10-05 08:58:06.133   Installing the file.
2026-10-05 08:58:06.135   Successfully installed the file.
2026-10-05 08:58:06.135   -- File entry --
2026-10-05 08:58:06.135   Dest filename: <project-root>\installer\build\acceptance-20261005-085604-396\Installed FEC-RTTY é\source\src\reliable_receiver.cpp
2026-10-05 08:58:06.135   Time stamp of our file: 2026-10-04 22:23:12.000
2026-10-05 08:58:06.135   Dest file exists.
2026-10-05 08:58:06.135   Time stamp of existing file: 2026-10-04 22:23:12.000
2026-10-05 08:58:06.135   Installing the file.
2026-10-05 08:58:06.136   Successfully installed the file.
2026-10-05 08:58:06.136   -- File entry --
2026-10-05 08:58:06.136   Dest filename: <project-root>\installer\build\acceptance-20261005-085604-396\Installed FEC-RTTY é\source\src\session.cpp
2026-10-05 08:58:06.138   Time stamp of our file: 2026-10-04 19:49:56.000
2026-10-05 08:58:06.138   Dest file exists.
2026-10-05 08:58:06.138   Time stamp of existing file: 2026-10-04 19:49:56.000
2026-10-05 08:58:06.138   Installing the file.
2026-10-05 08:58:06.139   Successfully installed the file.
2026-10-05 08:58:06.139   -- File entry --
2026-10-05 08:58:06.139   Dest filename: <project-root>\installer\build\acceptance-20261005-085604-396\Installed FEC-RTTY é\source\src\settings.cpp
2026-10-05 08:58:06.141   Time stamp of our file: 2026-10-04 21:12:20.000
2026-10-05 08:58:06.141   Dest file exists.
2026-10-05 08:58:06.141   Time stamp of existing file: 2026-10-04 21:12:20.000
2026-10-05 08:58:06.141   Installing the file.
2026-10-05 08:58:06.142   Successfully installed the file.
2026-10-05 08:58:06.142   -- File entry --
2026-10-05 08:58:06.142   Dest filename: <project-root>\installer\build\acceptance-20261005-085604-396\Installed FEC-RTTY é\source\src\spectrum.cpp
2026-10-05 08:58:06.142   Time stamp of our file: 2026-10-03 18:38:48.000
2026-10-05 08:58:06.142   Dest file exists.
2026-10-05 08:58:06.144   Time stamp of existing file: 2026-10-03 18:38:48.000
2026-10-05 08:58:06.144   Installing the file.
2026-10-05 08:58:06.144   Successfully installed the file.
2026-10-05 08:58:06.145   -- File entry --
2026-10-05 08:58:06.145   Dest filename: <project-root>\installer\build\acceptance-20261005-085604-396\Installed FEC-RTTY é\source\src\stream_receiver.cpp
2026-10-05 08:58:06.145   Time stamp of our file: 2026-10-04 17:48:02.000
2026-10-05 08:58:06.145   Dest file exists.
2026-10-05 08:58:06.145   Time stamp of existing file: 2026-10-04 17:48:02.000
2026-10-05 08:58:06.145   Installing the file.
2026-10-05 08:58:06.147   Successfully installed the file.
2026-10-05 08:58:06.147   -- File entry --
2026-10-05 08:58:06.147   Dest filename: <project-root>\installer\build\acceptance-20261005-085604-396\Installed FEC-RTTY é\source\src\sync.cpp
2026-10-05 08:58:06.147   Time stamp of our file: 2026-10-03 18:15:08.000
2026-10-05 08:58:06.147   Dest file exists.
2026-10-05 08:58:06.147   Time stamp of existing file: 2026-10-03 18:15:08.000
2026-10-05 08:58:06.148   Installing the file.
2026-10-05 08:58:06.148   Successfully installed the file.
2026-10-05 08:58:06.148   -- File entry --
2026-10-05 08:58:06.148   Dest filename: <project-root>\installer\build\acceptance-20261005-085604-396\Installed FEC-RTTY é\source\src\timing.cpp
2026-10-05 08:58:06.148   Time stamp of our file: 2026-10-03 18:15:34.000
2026-10-05 08:58:06.148   Dest file exists.
2026-10-05 08:58:06.151   Time stamp of existing file: 2026-10-03 18:15:34.000
2026-10-05 08:58:06.151   Installing the file.
2026-10-05 08:58:06.151   Successfully installed the file.
2026-10-05 08:58:06.151   -- File entry --
2026-10-05 08:58:06.152   Dest filename: <project-root>\installer\build\acceptance-20261005-085604-396\Installed FEC-RTTY é\source\src\timing_tracker.cpp
2026-10-05 08:58:06.152   Time stamp of our file: 2026-10-04 20:21:44.000
2026-10-05 08:58:06.152   Dest file exists.
2026-10-05 08:58:06.152   Time stamp of existing file: 2026-10-04 20:21:44.000
2026-10-05 08:58:06.152   Installing the file.
2026-10-05 08:58:06.154   Successfully installed the file.
2026-10-05 08:58:06.154   -- File entry --
2026-10-05 08:58:06.154   Dest filename: <project-root>\installer\build\acceptance-20261005-085604-396\Installed FEC-RTTY é\source\src\viterbi.cpp
2026-10-05 08:58:06.154   Time stamp of our file: 2026-10-03 18:05:30.000
2026-10-05 08:58:06.154   Dest file exists.
2026-10-05 08:58:06.154   Time stamp of existing file: 2026-10-03 18:05:30.000
2026-10-05 08:58:06.154   Installing the file.
2026-10-05 08:58:06.155   Successfully installed the file.
2026-10-05 08:58:06.155   -- File entry --
2026-10-05 08:58:06.157   Dest filename: <project-root>\installer\build\acceptance-20261005-085604-396\Installed FEC-RTTY é\source\src\waterfall_spectrum.cpp
2026-10-05 08:58:06.157   Time stamp of our file: 2026-10-04 20:54:22.000
2026-10-05 08:58:06.157   Dest file exists.
2026-10-05 08:58:06.157   Time stamp of existing file: 2026-10-04 20:54:22.000
2026-10-05 08:58:06.157   Installing the file.
2026-10-05 08:58:06.158   Successfully installed the file.
2026-10-05 08:58:06.158   -- File entry --
2026-10-05 08:58:06.160   Dest filename: <project-root>\installer\build\acceptance-20261005-085604-396\Installed FEC-RTTY é\source\src\waterfall_widget.cpp
2026-10-05 08:58:06.160   Time stamp of our file: 2026-10-04 21:21:44.000
2026-10-05 08:58:06.160   Dest file exists.
2026-10-05 08:58:06.160   Time stamp of existing file: 2026-10-04 21:21:44.000
2026-10-05 08:58:06.160   Installing the file.
2026-10-05 08:58:06.161   Successfully installed the file.
2026-10-05 08:58:06.161   -- File entry --
2026-10-05 08:58:06.161   Dest filename: <project-root>\installer\build\acceptance-20261005-085604-396\Installed FEC-RTTY é\source\src\wav.cpp
2026-10-05 08:58:06.161   Time stamp of our file: 2026-10-04 19:53:38.000
2026-10-05 08:58:06.161   Dest file exists.
2026-10-05 08:58:06.163   Time stamp of existing file: 2026-10-04 19:53:38.000
2026-10-05 08:58:06.163   Installing the file.
2026-10-05 08:58:06.165   Successfully installed the file.
2026-10-05 08:58:06.165   -- File entry --
2026-10-05 08:58:06.165   Dest filename: <project-root>\installer\build\acceptance-20261005-085604-396\Installed FEC-RTTY é\source\src\winmm_io.cpp
2026-10-05 08:58:06.165   Time stamp of our file: 2026-10-04 20:17:50.000
2026-10-05 08:58:06.165   Dest file exists.
2026-10-05 08:58:06.165   Time stamp of existing file: 2026-10-04 20:17:50.000
2026-10-05 08:58:06.165   Installing the file.
2026-10-05 08:58:06.166   Successfully installed the file.
2026-10-05 08:58:06.166   -- File entry --
2026-10-05 08:58:06.166   Dest filename: <project-root>\installer\build\acceptance-20261005-085604-396\Installed FEC-RTTY é\source\tests\audit_tests.cpp
2026-10-05 08:58:06.166   Time stamp of our file: 2026-10-04 22:18:40.000
2026-10-05 08:58:06.168   Dest file exists.
2026-10-05 08:58:06.168   Time stamp of existing file: 2026-10-04 22:18:40.000
2026-10-05 08:58:06.168   Installing the file.
2026-10-05 08:58:06.169   Successfully installed the file.
2026-10-05 08:58:06.169   -- File entry --
2026-10-05 08:58:06.169   Dest filename: <project-root>\installer\build\acceptance-20261005-085604-396\Installed FEC-RTTY é\source\tests\gui_text_tests.cpp
2026-10-05 08:58:06.169   Time stamp of our file: 2026-10-04 19:51:44.000
2026-10-05 08:58:06.169   Dest file exists.
2026-10-05 08:58:06.169   Time stamp of existing file: 2026-10-04 19:51:44.000
2026-10-05 08:58:06.169   Installing the file.
2026-10-05 08:58:06.171   Successfully installed the file.
2026-10-05 08:58:06.171   -- File entry --
2026-10-05 08:58:06.171   Dest filename: <project-root>\installer\build\acceptance-20261005-085604-396\Installed FEC-RTTY é\source\tests\noise_prefix_bench.cpp
2026-10-05 08:58:06.172   Time stamp of our file: 2026-10-04 22:26:16.000
2026-10-05 08:58:06.172   Dest file exists.
2026-10-05 08:58:06.172   Time stamp of existing file: 2026-10-04 22:26:16.000
2026-10-05 08:58:06.172   Installing the file.
2026-10-05 08:58:06.174   Successfully installed the file.
2026-10-05 08:58:06.174   -- File entry --
2026-10-05 08:58:06.174   Dest filename: <project-root>\installer\build\acceptance-20261005-085604-396\Installed FEC-RTTY é\source\tests\tests.cpp
2026-10-05 08:58:06.174   Time stamp of our file: 2026-10-04 18:52:06.000
2026-10-05 08:58:06.174   Dest file exists.
2026-10-05 08:58:06.174   Time stamp of existing file: 2026-10-04 18:52:06.000
2026-10-05 08:58:06.174   Installing the file.
2026-10-05 08:58:06.175   Successfully installed the file.
2026-10-05 08:58:06.177   -- File entry --
2026-10-05 08:58:06.177   Dest filename: <project-root>\installer\build\acceptance-20261005-085604-396\Installed FEC-RTTY é\source\tests\waterfall_tests.cpp
2026-10-05 08:58:06.177   Time stamp of our file: 2026-10-04 21:21:44.000
2026-10-05 08:58:06.177   Dest file exists.
2026-10-05 08:58:06.177   Time stamp of existing file: 2026-10-04 21:21:44.000
2026-10-05 08:58:06.177   Installing the file.
2026-10-05 08:58:06.178   Successfully installed the file.
2026-10-05 08:58:06.179   -- File entry --
2026-10-05 08:58:06.179   Dest filename: <project-root>\installer\build\acceptance-20261005-085604-396\Installed FEC-RTTY é\tools\list-audio-devices.bat
2026-10-05 08:58:06.180   Time stamp of our file: 2026-10-04 21:48:46.000
2026-10-05 08:58:06.180   Dest file exists.
2026-10-05 08:58:06.180   Time stamp of existing file: 2026-10-04 21:48:46.000
2026-10-05 08:58:06.180   Installing the file.
2026-10-05 08:58:06.181   Successfully installed the file.
2026-10-05 08:58:06.181   -- File entry --
2026-10-05 08:58:06.181   Dest filename: <project-root>\installer\build\acceptance-20261005-085604-396\Installed FEC-RTTY é\tools\replay-probe.cpp
2026-10-05 08:58:06.181   Time stamp of our file: 2026-10-04 20:28:56.000
2026-10-05 08:58:06.181   Dest file exists.
2026-10-05 08:58:06.181   Time stamp of existing file: 2026-10-04 20:28:56.000
2026-10-05 08:58:06.181   Installing the file.
2026-10-05 08:58:06.183   Successfully installed the file.
2026-10-05 08:58:06.183   -- File entry --
2026-10-05 08:58:06.183   Dest filename: <project-root>\installer\build\acceptance-20261005-085604-396\Installed FEC-RTTY é\tools\run-short-vb-audio.bat
2026-10-05 08:58:06.184   Time stamp of our file: 2026-10-03 23:16:20.000
2026-10-05 08:58:06.184   Dest file exists.
2026-10-05 08:58:06.184   Time stamp of existing file: 2026-10-03 23:16:20.000
2026-10-05 08:58:06.184   Installing the file.
2026-10-05 08:58:06.186   Successfully installed the file.
2026-10-05 08:58:06.186   -- File entry --
2026-10-05 08:58:06.186   Dest filename: <project-root>\installer\build\acceptance-20261005-085604-396\Installed FEC-RTTY é\tools\test-gui-direct.ps1
2026-10-05 08:58:06.186   Time stamp of our file: 2026-10-04 22:26:16.000
2026-10-05 08:58:06.186   Dest file exists.
2026-10-05 08:58:06.186   Time stamp of existing file: 2026-10-04 22:26:16.000
2026-10-05 08:58:06.186   Installing the file.
2026-10-05 08:58:06.188   Successfully installed the file.
2026-10-05 08:58:06.188   -- File entry --
2026-10-05 08:58:06.188   Dest filename: <project-root>\installer\build\acceptance-20261005-085604-396\Installed FEC-RTTY é\tools\test-gui-exit-status.ps1
2026-10-05 08:58:06.188   Time stamp of our file: 2026-10-04 22:20:16.000
2026-10-05 08:58:06.188   Dest file exists.
2026-10-05 08:58:06.188   Time stamp of existing file: 2026-10-04 22:20:16.000
2026-10-05 08:58:06.188   Installing the file.
2026-10-05 08:58:06.190   Successfully installed the file.
2026-10-05 08:58:06.190   -- File entry --
2026-10-05 08:58:06.190   Dest filename: <project-root>\installer\build\acceptance-20261005-085604-396\Installed FEC-RTTY é\tools\test-gui-noise-prefix.ps1
2026-10-05 08:58:06.191   Time stamp of our file: 2026-10-04 22:28:40.000
2026-10-05 08:58:06.191   Dest file exists.
2026-10-05 08:58:06.191   Time stamp of existing file: 2026-10-04 22:28:40.000
2026-10-05 08:58:06.191   Installing the file.
2026-10-05 08:58:06.193   Successfully installed the file.
2026-10-05 08:58:06.193   -- File entry --
2026-10-05 08:58:06.193   Dest filename: <project-root>\installer\build\acceptance-20261005-085604-396\Installed FEC-RTTY é\tools\test-vb-audio.ps1
2026-10-05 08:58:06.195   Time stamp of our file: 2026-10-04 20:45:04.000
2026-10-05 08:58:06.195   Dest file exists.
2026-10-05 08:58:06.195   Time stamp of existing file: 2026-10-04 20:45:04.000
2026-10-05 08:58:06.195   Installing the file.
2026-10-05 08:58:06.196   Successfully installed the file.
2026-10-05 08:58:06.196   -- Icon entry --
2026-10-05 08:58:06.196   Dest filename: %APPDATA%\Microsoft\Windows\Start Menu\Programs\FEC-RTTY - M0NXD\FEC-RTTY - M0NXD.lnk
2026-10-05 08:58:06.197   Creating the icon.
2026-10-05 08:58:06.360   Successfully created the icon.
2026-10-05 08:58:06.377   -- Icon entry --
2026-10-05 08:58:06.377   Dest filename: %APPDATA%\Microsoft\Windows\Start Menu\Programs\FEC-RTTY - M0NXD\Getting started and documentation.lnk
2026-10-05 08:58:06.379   Creating the icon.
2026-10-05 08:58:06.387   Successfully created the icon.
2026-10-05 08:58:06.429   -- Icon entry --
2026-10-05 08:58:06.429   Dest filename: %APPDATA%\Microsoft\Windows\Start Menu\Programs\FEC-RTTY - M0NXD\Uninstall FEC-RTTY.lnk
2026-10-05 08:58:06.430   Creating the icon.
2026-10-05 08:58:06.437   Successfully created the icon.
2026-10-05 08:58:06.446   -- Icon entry --
2026-10-05 08:58:06.446   Dest filename: %USERPROFILE%\OneDrive\Desktop\FEC-RTTY - M0NXD.lnk
2026-10-05 08:58:06.446   Creating the icon.
2026-10-05 08:58:06.453   Successfully created the icon.
2026-10-05 08:58:06.476   Saving uninstall information.
2026-10-05 08:58:06.476   Renaming uninstaller.
2026-10-05 08:58:06.476   Deleting uninstall key left over from previous non administrative install.
2026-10-05 08:58:06.476   Creating new uninstall key: HKEY_CURRENT_USER\Software\Microsoft\Windows\CurrentVersion\Uninstall\FEC-RTTY-M0NXD_is1
2026-10-05 08:58:06.476   Writing uninstall key values.
2026-10-05 08:58:06.478   Detected previous administrative 64-bit install? No
2026-10-05 08:58:06.478   Detected previous administrative 32-bit install? No
2026-10-05 08:58:06.481   Installation process succeeded.
2026-10-05 08:58:06.481   Need to restart Windows? No
2026-10-05 08:58:06.485   Deinitializing Setup.
2026-10-05 08:58:06.498   Log closed.
